name,lat,lon,country
LAAYOUNE,27.08,-13.43,Western Sahara
ABADAN,30.33,48.28,Iran
ABERDEEN,57.15,-2.08,United Kingdom
ABIDJAN,5.25,-4.02,Côte d'Ivoire
TURKU,60.45,22.23,Finland
HIMEJI,34.75,134.63,Japan
ACAJUTLA,13.58,-89.83,El Salvador
ADEN,12.78,44.95,Yemen
AGADIR,30.43,-9.63,Morocco
AGUADILLA,18.43,-67.15,Puerto Rico
AHUS,55.93,14.32,Sweden
AJMAN,25.42,55.43,United Arab Emirates
KEMI,65.73,24.57,Finland
KOBE,34.65,135.18,Japan
AL SHAHEEN TERMINAL,26.58,52.0,Qatar
ALBANY,42.65,-73.75,United States
ALBANY,-35.03,117.88,Australia
KINGSTON UPON HULL,53.75,-0.28,United Kingdom
SANTOS,-23.95,-46.3,Brazil
ALESUND,62.47,6.17,Norway
ALGECIRAS,36.13,-5.43,Spain
ALIAGA,38.83,26.93,Turkey
ALICANTE,38.33,-0.48,Spain
ALMERIA,36.83,-2.47,Spain
ALMIRANTE,9.3,-82.4,Panama
ALTAMIRA,22.48,-97.85,Mexico
RIO DE JANEIRO,-22.9,-43.17,Brazil
AMAGASAKI,34.7,135.38,Japan
AMAMAPARE,-4.82,136.97,Indonesia
AMBES,45.02,-0.53,France
AMBON,-3.68,128.17,Indonesia
XIAMEN,24.45,118.07,China
AMSTERDAM,52.37,4.9,Netherlands
ANACORTES,48.52,-122.62,United States
ANCHORAGE,61.22,-149.9,United States
ANCONA,43.62,13.5,Italy
ANDOANY,-13.4,48.3,Madagascar
ANGRA DO HEROISMO,38.65,-27.22,Portugal
ANGRA DOS REIS,-23.02,-44.32,Brazil
ANNABA,36.92,7.77,Algeria
ANTALYA,36.83,30.62,Turkey
ANTILLA,20.83,-75.73,Cuba
ANTOFAGASTA,-23.65,-70.42,Chile
ANTSIRANANA,-12.27,49.28,Madagascar
APIA,-13.82,-171.77,Samoa
ARATU,-12.78,-38.5,Brazil
ARKHANGELS'K,64.53,40.53,Russia
ARDROSSAN,-34.43,137.92,Australia
ARENDAL,58.47,8.77,Norway
ARRECIFE,28.95,-13.53,Spain
LHOKSEUMAWE,5.25,97.12,Indonesia
ARZEW,35.85,-0.3,Algeria
ASHDOD,31.82,34.65,Israel
ASHTABULA,41.9,-80.8,United States
ASSAB,13.0,42.75,Eritrea
ASSENS,55.27,9.88,Denmark
ATSUMI,34.67,137.07,Japan
AUCKLAND,-36.85,174.77,New Zealand
AUGUSTA,37.22,15.23,Italy
AULTBEA,57.83,-5.58,United Kingdom
AVATIU,-21.2,-159.78,Cook Islands
AVEIRO,40.65,-8.65,Portugal
AVILES,43.6,-5.93,Spain
MARTINEZ,38.03,-122.13,United States
AVONMOUTH,51.5,-2.72,United Kingdom
MARIUPOL,47.08,37.57,Ukraine
BAHIA BLANCA,-38.78,-62.27,Argentina
BAJO GRANDE,10.52,-71.63,Venezuela
BAKAR,45.3,14.53,Croatia
BALHAF,13.97,48.18,Yemen
BALBOA,8.95,-79.57,Panama
BALIKPAPAN,-1.25,116.82,Indonesia
SYDNEY,-33.87,151.2,Australia
BALTIMORE,39.27,-76.58,United States
BALTIYSK,54.63,19.9,Russia
BANANA,-5.98,12.38,Democratic Republic of the Congo
BANDAR ABBAS,27.15,56.2,Iran
BANDIRMA,40.35,27.97,Turkey
BANGKOK,13.75,100.5,Thailand
BANJARMASIN,-3.33,114.58,Indonesia
BANJUL,13.45,-16.57,Gambia
BANTEN,-6.02,105.97,Indonesia
BANTRY,51.68,-9.45,Ireland
BAR,42.08,19.08,Montenegro
BRIDGETOWN,13.1,-59.63,Barbados
BARCELONA,41.35,2.17,Spain
BARI,41.13,16.87,Italy
VUNG TAU,10.35,107.07,Vietnam
GLADSTONE,-23.85,151.25,Australia
BARRANQUILLA,10.97,-74.77,Colombia
BARRY,51.4,-3.27,United Kingdom
BASSETERRE,17.3,-62.72,Saint Kitts and Nevis
BASTIA,42.7,9.45,France
BASUO,19.1,108.62,China
BATA,1.87,9.77,Equatorial Guinea
BATANGAS CITY,13.75,121.05,Philippines
BATON ROUGE,30.45,-91.18,United States
BATUMI,41.65,41.65,Georgia
BAYONNE,40.68,-74.1,United States
BAYONNE,43.5,-1.47,France
PASCAGOULA,30.35,-88.57,United States
BAYTOWN,29.73,-95.02,United States
BAYUQUAN,40.3,122.08,China
BAYWAY,40.63,-74.2,United States
BEAUFORT,34.72,-76.67,United States
BEAUMONT,30.08,-94.08,United States
BEIHAI,21.48,109.07,China
NINGBO,29.88,121.55,China
BEIRA,-19.83,34.83,Mozambique
BEJAIA,36.75,5.08,Algeria
BELAWAN,3.78,98.68,Indonesia
BELEM,-1.45,-48.5,Brazil
BELFAST,54.62,-5.9,United Kingdom
BELIZE CITY,17.5,-88.18,Belize
BENCHAMAS TERMINAL,10.52,101.25,Thailand
BENICIA,38.05,-122.15,United States
BENOA,-8.75,115.22,Indonesia
BERBERA,10.45,45.02,Somalia
BERDYANSK,46.75,36.78,Ukraine
BERGEN,60.4,5.32,Norway
BHAVNAGAR,21.77,72.23,India
NEW ORLEANS,29.95,-90.05,United States
BITUNG,1.43,125.18,Indonesia
JACKSONVILLE,30.32,-81.65,United States
BLYTH,55.12,-1.5,United Kingdom
BOCA GRANDE,26.7,-82.33,United States
BODO,67.28,14.38,Norway
HOUSTON,29.75,-95.28,United States
BOMA,-5.85,13.05,Democratic Republic of the Congo
KRALENDIJK,12.15,-68.28,"Bonaire, Sint Eustatius and Saba"
BONIFACIO,41.38,9.17,France
BONNY,4.45,7.17,Nigeria
FREEPORT,26.52,-78.78,Bahamas
BORDEAUX,44.87,-0.57,France
FREDRIKSTAD,59.2,10.95,Norway
PORVOO,60.3,25.63,Finland
SIKKA,22.43,69.83,India
ISTANBUL,41.02,28.97,Turkey
BOSTON,42.35,-71.05,United States
BOSTON,52.97,-0.02,United Kingdom
BOTANY BAY,-34.0,151.23,Australia
BOULOGNE-SUR-MER,50.73,1.6,France
BURGAS,42.48,27.48,Bulgaria
BRAKE,53.33,8.48,Germany
BREMEN,53.13,8.77,Germany
BREMERHAVEN,53.53,8.58,Germany
BREVIK,59.07,9.7,Norway
BRIDGEPORT,41.17,-73.18,United States
BRINDISI,40.65,17.98,Italy
BRISBANE,-27.47,153.03,Australia
BRISTOL,40.1,-74.85,United States
BRISTOL,51.47,-2.63,United Kingdom
BROFJORDEN,58.38,11.42,Sweden
BROOKLYN,40.67,-74.02,United States
BROOME,-17.97,122.23,Australia
BROWNSVILLE,25.95,-97.4,United States
BRUGES,51.23,3.22,Belgium
BUCHANAN,5.87,-10.07,Liberia
BUCKSPORT,44.57,-68.78,United States
BUENAVENTURA,3.88,-77.07,Colombia
BUENOS AIRES,-34.6,-58.37,Argentina
BUFFALO,42.88,-78.88,United States
BULA,-3.1,130.5,Indonesia
WILLEMSTAD,12.12,-68.93,Curaçao
BUNBURY,-33.32,115.63,Australia
BUNDABERG,-24.87,152.35,Australia
BURNIE,-41.05,145.95,Australia
BUSHEHR,28.98,50.83,Iran
CABEDELO,-6.97,-34.83,Brazil
CABINDA,-5.53,12.2,Angola
CADIZ,36.53,-6.3,Spain
CAGAYAN DE ORO,8.5,124.67,Philippines
CAGLIARI,39.22,9.12,Italy
PHU MY,10.58,107.03,Vietnam
CAIRNS,-16.92,145.78,Australia
CALABAR,4.97,8.32,Nigeria
CALAIS,50.97,1.85,France
CALETA CLARENCIA,-52.9,-70.1,Chile
COMODORO RIVADAVIA,-45.87,-67.47,Argentina
CAM PHA,21.03,107.37,Vietnam
CAMDEN,39.95,-75.13,United States
CAMPANA,-34.15,-58.97,Argentina
CAMPBELTOWN,55.43,-5.6,United Kingdom
CANAKKALE,40.15,26.4,Turkey
GUANGZHOU,23.12,113.23,China
CAPE TOWN,-33.92,18.42,South Africa
CARDIFF,51.45,-3.17,United Kingdom
CARIPITO,10.15,-63.03,Venezuela
CARTAGENA,37.58,-0.98,Spain
CARTAGENA,10.42,-75.53,Colombia
CARTERET,40.58,-74.22,United States
CASABLANCA,33.6,-7.62,Morocco
CASTRIES,14.02,-61.0,Saint Lucia
CATANIA,37.5,15.1,Italy
PLYMOUTH,50.37,-4.15,United Kingdom
CEUTA,35.9,-5.32,Spain
CHALKIS,38.47,23.6,Greece
CHANGSHU,31.77,120.95,China
CHARCO AZUL,8.22,-82.87,Panama
CHARLESTON,32.78,-79.92,United States
CHARLESTOWN,17.13,-62.63,Saint Kitts and Nevis
CHARLOTTE AMALIE,18.35,-64.93,U.S. Virgin Islands
CHARLOTTETOWN,46.23,-63.13,Canada
CHEBOYGAN,45.65,-84.47,United States
YANTAI,37.55,121.45,China
CHERRY POINT,48.87,-122.75,United States
CHICAGO,41.88,-87.6,United States
ZHENJIANG,32.22,119.43,China
QINHUANGDAO,39.93,119.62,China
CHIRIQUI GRANDE,8.95,-82.12,Panama
CHRISTIANSTED,17.75,-64.7,U.S. Virgin Islands
CIENFUEGOS,22.15,-80.45,Cuba
CILACAP,-7.73,109.0,Indonesia
CIUDAD DEL CARMEN,18.63,-91.87,Mexico
SANTO DOMINGO,18.47,-69.88,Dominican Republic
CIVITAVECCHIA,42.1,11.78,Italy
CLEVELAND,41.5,-81.72,United States
GLASGOW,55.87,-4.28,United Kingdom
COATZACOALCOS,18.15,-94.42,Mexico
COLD BAY,55.2,-162.7,United States
COLOMBO,6.95,79.85,Sri Lanka
COLON,-32.22,-58.13,Argentina
CONAKRY,9.52,-13.72,Guinea
CONCEPCION DEL URUGUAY,-32.48,-58.23,Argentina
CONSTANTA,44.17,28.65,Romania
CONVENT,30.02,-90.83,United States
COOS BAY,43.37,-124.22,United States
COQUIMBO,-29.95,-71.33,Chile
CORDOVA,60.55,-145.77,United States
CORINTO,12.48,-87.17,Nicaragua
CORK,51.85,-8.27,Ireland
CORNER BROOK,48.95,-57.95,Canada
CORONEL,-37.03,-73.17,Chile
CORPACH,56.85,-5.12,United Kingdom
CORPUS CHRISTI,27.82,-97.4,United States
ENSENADA,31.87,-116.63,Mexico
COTONOU,6.35,2.43,Benin
COVENAS,9.42,-75.68,Colombia
NOVOROSSIYSK,44.72,37.78,Russia
CROCKETT,38.05,-122.22,United States
INVERGORDON,57.68,-4.17,United Kingdom
CROTONE,39.08,17.13,Italy
CUDDALORE,11.72,79.77,India
CUXHAVEN,53.87,8.72,Germany
DA NANG,16.1,108.22,Vietnam
DANDONG,39.82,124.15,China
DALIAN,38.92,121.67,China
DAHEJ,21.7,72.53,India
DAKAR,14.68,-17.43,Senegal
DALHOUSIE,48.07,-66.37,Canada
MACKAY,-21.12,149.22,Australia
DAMIETTA,31.48,31.75,Egypt
DAMMAM,26.5,50.2,Saudi Arabia
DAMPIER,-20.63,116.72,Australia
DARWIN,-12.47,130.85,Australia
HUIZHOU,22.72,114.52,China
DE KASTRI,51.47,140.78,Russia
DEER PARK,29.75,-95.33,United States
DELFZIJL,53.33,6.93,Netherlands
DEN HELDER,52.97,4.78,Netherlands
DESTREHAN,29.95,-90.37,United States
DETROIT,42.33,-83.03,United States
DEVONPORT,-41.18,146.37,Australia
DHEKELIA,34.97,33.72,Cyprus
DIAMANTE,-32.07,-60.65,Argentina
DIEGO GARCIA,-7.35,72.47,British Indian Ocean Territory
HAI PHONG,20.92,106.68,Vietnam
DILI,-8.53,125.58,Timor-Leste
DILLINGHAM,59.03,-158.48,United States
JAKARTA,-6.1,106.88,Indonesia
DJIBOUTI,11.6,43.13,Djibouti
MIAMI,25.78,-80.18,United States
DOHA,25.28,51.53,Qatar
DOMSJO,63.27,18.73,Sweden
DONGES,47.3,-2.07,France
DONGSHAN,23.75,117.52,China
DORALEH,11.6,43.08,Djibouti
DORDRECHT,51.82,4.65,Netherlands
DOUALA,4.05,9.68,Cameroon
MILFORD HAVEN,51.72,-5.03,United Kingdom
DRAMMEN,59.73,10.25,Norway
DROGHEDA,53.72,-6.3,Ireland
DUBA,27.57,35.53,Saudi Arabia
DUBLIN,53.35,-6.25,Ireland
DUBROVNIK,42.67,18.08,Croatia
DUGI RAT,43.45,16.65,Croatia
NANAIMO,49.17,-123.93,Canada
DULUTH,46.77,-92.1,United States
DUMAI,1.68,101.45,Indonesia
DUNDEE,56.47,-2.95,United Kingdom
DURBAN,-29.87,31.07,South Africa
DURRES,41.32,19.45,Albania
UNALASKA,53.87,-166.53,United States
EAST LONDON,-33.03,27.92,South Africa
EASTPORT,44.9,-66.98,United States
ECKERNFORDE,54.48,9.83,Germany
EDEN,-37.07,149.92,Australia
EDGEWATER,40.82,-73.98,United States
EEMSHAVEN,53.45,6.83,Netherlands
EGERSUND,58.45,6.0,Norway
FERROL,43.48,-8.23,Spain
PORT SUDAN,19.6,37.23,Sudan
EL PALITO,10.48,-68.12,Venezuela
EL SEGUNDO,33.92,-118.43,United States
MARACAIBO,10.63,-71.6,Venezuela
SAVANNAH,32.08,-81.08,United States
NORFOLK,36.85,-76.3,United States
EMDEN,53.33,7.18,Germany
EMPIRE,43.4,-124.28,United States
EREGLI,41.3,31.45,Turkey
ESBJERG,55.47,8.45,Denmark
ESMERALDAS,1.0,-79.65,Ecuador
ESPERANCE,-33.87,121.9,Australia
ROTTERDAM,51.9,4.48,Netherlands
EUROPOORT,51.95,4.12,Netherlands
EVERETT,48.0,-122.22,United States
TEESPORT,54.65,-1.13,United Kingdom
FAGERSTRAND,59.73,10.6,Norway
HALIFAX,44.65,-63.58,Canada
FALKENBERG,56.9,12.5,Sweden
FALL RIVER,41.7,-71.17,United States
FAMAGUSTA,35.12,33.93,Cyprus
FANG-CHENG,21.75,108.35,China
KARACHI,24.78,66.98,Pakistan
FELIXSTOWE,51.95,1.32,United Kingdom
MALABO,3.75,8.78,Equatorial Guinea
FIUMICINO,41.77,12.23,Italy
FLENSBURG,54.8,9.43,Germany
VLISSINGEN,51.45,3.6,Netherlands
FLYING FISH COVE,-10.42,105.7,Christmas Island
FUZHOU,26.08,119.3,China
FORCADOS,5.37,5.43,Nigeria
FORT WILLIAM,56.82,-5.12,United Kingdom
FOS,43.42,4.88,France
FOYNES,52.62,-9.12,Ireland
VANCOUVER,49.28,-123.12,Canada
FRAY BENTOS,-33.12,-58.32,Uruguay
FREDERICIA,55.57,9.77,Denmark
FREDERIKSHAVN,57.43,10.55,Denmark
FREEPORT,28.95,-95.33,United States
FREETOWN,8.5,-13.23,Sierra Leone
FREMANTLE,-32.05,115.75,Australia
MARSEILLE,43.32,5.37,France
STOCKHOLM,59.33,18.05,Sweden
FUKUYAMA,34.43,133.43,Japan
FUNABASHI,35.67,139.95,Japan
FUNCHAL,32.63,-16.92,Portugal
GABES,33.9,10.12,Tunisia
GAETA,41.2,13.58,Italy
GALVESTON,29.32,-94.78,United States
GALWAY,53.27,-9.05,Ireland
RESERVE,30.05,-90.55,United States
GAVLE,60.68,17.17,Sweden
GDANSK,54.35,18.67,Poland
GDYNIA,54.53,18.55,Poland
GEBZE,40.77,29.55,Turkey
GEELONG,-38.15,144.37,Australia
GELA,37.07,14.25,Italy
GEMLIK,40.42,29.12,Turkey
GEORGETOWN,6.83,-58.17,Guyana
GERALDTON,-28.78,114.6,Australia
GHAZAOUET,35.1,-1.87,Algeria
GHENT,51.07,3.73,Belgium
GIJON,43.55,-5.67,Spain
GIOIA TAURO,38.42,15.9,Italy
PHILADELPHIA,39.95,-75.13,United States
GISBORNE,-38.67,178.03,New Zealand
GLENSANDA,56.57,-5.53,United Kingdom
GLOMFJORD,66.82,13.98,Norway
SABINE PASS,29.73,-93.9,United States
GRAND TURK,21.43,-71.15,Turks and Caicos Islands
GRANGEMOUTH,56.02,-3.72,United Kingdom
GRAVELINES,51.0,2.12,France
GRAVESEND,51.45,0.37,United Kingdom
GREAT YARMOUTH,52.62,1.73,United Kingdom
GREATER PLUTONIO TERMINAL,-7.83,12.1,Angola
GREENOCK,55.95,-4.75,United Kingdom
GREENORE,54.03,-6.13,Ireland
PORSGRUNN,59.15,9.67,Norway
GRESIK,-7.15,112.65,Indonesia
GRETNA,29.92,-90.07,United States
GRIMSBY,53.58,-0.07,United Kingdom
GRUNDARTANGI,64.27,-22.0,Iceland
HUASCO,-28.47,-71.25,Chile
GUANTA,10.25,-64.58,Venezuela
GUAYAQUIL,-2.2,-79.88,Ecuador
GUAYMAS,27.92,-110.92,Mexico
IZMIT,40.77,29.92,Turkey
GULFPORT,30.35,-89.08,United States
HAFNARFJORDUR,64.07,-21.95,Iceland
HAIFA,32.82,35.0,Israel
HAIKOU,20.05,110.28,China
HALDEN,59.12,11.38,Norway
HALLSTAVIK,60.05,18.58,Sweden
HALMSTAD,56.67,12.87,Sweden
HAMBURG,53.55,9.93,Germany
HAMILTON,32.3,-64.78,Bermuda
HAMILTON,43.25,-79.85,Canada
HAMINA,60.57,27.2,Finland
HAMMERFEST,70.67,23.67,Norway
HANKO,59.82,22.95,Finland
HANSTHOLM,57.13,8.6,Denmark
HARLINGEN,53.18,5.42,Netherlands
HARSTAD,68.8,16.55,Norway
HARTLEPOOL,54.7,-1.18,United Kingdom
HARWICH,51.95,1.28,United Kingdom
HAUGESUND,59.42,5.27,Norway
HAY POINT,-21.28,149.3,Australia
HAZIRA,21.08,72.63,India
HELSINGBORG,56.05,12.7,Sweden
HELSINGOR,56.03,12.62,Denmark
HELSINKI,60.17,24.97,Finland
HEMNESBERGET,66.23,13.62,Norway
HARNOSAND,62.63,17.93,Sweden
NEW LONDON,41.35,-72.08,United States
HIGASHI-HARIMA,34.7,134.83,Japan
SHIMONOSEKI,33.93,130.93,Japan
TAMPA,27.92,-82.45,United States
HILO,19.73,-155.07,United States
HIROSHIMA,34.35,132.47,Japan
HIROHATA,34.77,134.63,Japan
HIRTSHALS,57.6,9.97,Denmark
HITACHI,36.5,140.63,Japan
HOBART,-42.88,147.33,Australia
HOBOKEN,40.75,-74.02,United States
HOEK VAN HOLLAND,51.95,4.13,Netherlands
HOLMESTRAND,59.48,10.3,Norway
SISIMIUT,66.92,-53.7,Greenland
KIEL,54.32,10.13,Germany
HOLYHEAD,53.32,-4.63,United Kingdom
HONFLEUR,49.42,0.22,France
HONG KONG,22.27,114.2,Hong Kong
HONIARA,-9.42,159.95,Solomon Islands
HONOLULU,21.3,-157.87,United States
HOPA,41.42,41.4,Turkey
HORSENS,55.87,9.85,Denmark
HORTA,38.53,-28.63,Portugal
TALCAHUANO,-36.7,-73.1,Chile
HUDIKSVALL,61.73,17.12,Sweden
HUELVA,37.25,-6.95,Spain
PORT HUENEME,34.15,-119.2,United States
HUNTERSTON,55.75,-4.88,United Kingdom
HUSUM,63.33,19.15,Sweden
IBIZA,38.9,1.45,Spain
IJMUIDEN,52.47,4.58,Netherlands
IMARI,33.28,129.88,Japan
IMBITUBA,-28.23,-48.67,Brazil
IMMINGHAM,53.63,-0.2,United Kingdom
INKOO,60.02,23.92,Finland
ST ROSE,29.95,-90.32,United States
INVERNESS,57.48,-4.23,United Kingdom
PORT MOODY,49.28,-122.88,Canada
IPSWICH,52.05,1.17,United Kingdom
IQUIQUE,-20.2,-70.17,Chile
ISKENDERUN,36.6,36.17,Turkey
ISHIGAKI,24.33,124.17,Japan
ISLE OF GRAIN,51.43,0.7,United Kingdom
ITACOATIARA,-3.15,-58.45,Brazil
ITAJAI,-26.92,-48.63,Brazil
ITAQUI,-2.57,-44.37,Brazil
IZMIR,38.43,27.13,Turkey
JAKOBSTAD,63.68,22.67,Finland
KOTA KINABALU,5.98,116.07,Malaysia
JIANGYIN,31.92,120.23,China
JOHNSTON ATOLL,16.75,-169.52,Johnston Atoll
JORDAN,10.67,122.58,Philippines
JOSE IGNACIO,-34.95,-54.7,Uruguay
KAHULUI,20.9,-156.47,United States
KAKOGAWA,34.7,134.83,Japan
KALAMA,46.02,-122.85,United States
KALI LIMENES,34.93,24.83,Greece
KALININGRAD,54.7,20.48,Russia
KALMAR,56.67,16.37,Sweden
KALUNDBORG,55.68,11.1,Denmark
MOSS,59.45,10.67,Norway
KAMSAR,10.63,-14.62,Guinea
KANDA,33.78,131.02,Japan
KANDALAKSHA,67.13,32.42,Russia
KANDLA,23.03,70.22,India
KAO-HSIUNG,22.62,120.25,Taiwan
KARATSU,33.48,129.97,Japan
PLOCE,43.05,17.43,Croatia
KARLSHAMN,56.17,14.87,Sweden
KARLSKRONA,56.17,15.6,Sweden
KARSTO,59.27,5.52,Norway
KARUMBA,-17.48,140.83,Australia
KARWAR,14.82,74.12,India
KASKINEN,62.38,21.23,Finland
KAVALA,40.93,24.4,Greece
KENAI,60.55,-151.27,United States
KERCH,45.35,36.48,Ukraine
TALLINN,59.45,24.77,Estonia
KEY WEST,24.55,-81.82,United States
KHERSON,46.62,32.6,Ukraine
KHOLMSK,47.05,142.05,Russia
KHOMS,32.67,14.25,Libya
KHORRAMSHAHR,30.43,48.18,Iran
KIIRE,31.38,130.55,Japan
KIJANG,0.85,104.6,Indonesia
KILLYBEGS,54.63,-8.45,Ireland
KING'S LYNN,52.75,0.4,United Kingdom
KINGSTON,17.97,-76.78,Jamaica
KINGSTON,41.93,-73.97,United States
KINGSTON,44.23,-76.5,Canada
KINGSTOWN,13.15,-61.23,Saint Vincent and the Grenadines
MOMBASA,-4.07,39.67,Kenya
KIRKENES,69.73,30.05,Norway
KIRKWALL,58.98,-2.97,United Kingdom
KITIMAT,54.0,-128.68,Canada
KLAIPEDA,55.72,21.12,Lithuania
KODIAK,57.78,-152.4,United States
KOKKOLA,63.85,23.02,Finland
KOKO,6.0,5.47,Nigeria
KOLDING,55.48,9.5,Denmark
KOMATSUSHIMA,34.02,134.6,Japan
KOPER,45.55,13.73,Slovenia
KORSAKOV,46.62,142.77,Russia
KORSOR,55.33,11.13,Denmark
KOTA BARU,-3.23,116.22,Indonesia
KOTKA,60.47,26.97,Finland
KOTZEBUE,66.92,-162.58,United States
KRISTIANSAND,58.15,8.0,Norway
KRISTIANSUND,63.12,7.73,Norway
KRISTINESTAD,62.28,21.4,Finland
KRONSHTADT,59.98,29.78,Russia
KUALA BELAIT,4.63,114.2,Brunei
KUALA TANJUNG,3.37,99.48,Indonesia
SUNDSVALL,62.38,17.35,Sweden
KUCHING,1.57,110.35,Malaysia
KUDAMATSU,34.0,131.87,Japan
KUMUL,-8.1,144.57,Papua New Guinea
KUNDA,59.53,26.53,Estonia
KUPANG,-10.17,123.58,Indonesia
KURE,34.23,132.55,Japan
KWAJALEIN,8.72,167.73,Marshall Islands
LA GOULETTE,36.8,10.3,Tunisia
LA GUAIRA,10.62,-66.93,Venezuela
LA LIBERTAD,-2.22,-80.92,Ecuador
LA ROCHELLE,46.15,-1.15,France
LA PALOMA,-34.65,-54.15,Uruguay
LA PAZ,24.17,-110.32,Mexico
LA PLATA,-34.83,-57.88,Argentina
LA ROMANA,18.42,-68.97,Dominican Republic
LA SALINA,10.37,-71.47,Venezuela
LA SPEZIA,44.1,9.83,Italy
LAE,-6.73,147.0,Papua New Guinea
LAEM CHABANG,13.08,100.88,Thailand
LAGOS,6.4,3.4,Nigeria
LAHAD DATU,5.02,118.32,Malaysia
LAKE CHARLES,30.22,-93.25,United States
LANDSKRONA,55.87,12.83,Sweden
LARNACA,34.92,33.65,Cyprus
LARNE,54.85,-5.8,United Kingdom
LARVIK,59.05,10.03,Norway
LAS MAREAS,17.95,-66.17,Puerto Rico
LAS PALMAS,28.15,-15.42,Spain
LAVRIO,37.7,24.07,Greece
LAZARO CARDENAS,17.93,-102.17,Mexico
LE VERDON,45.55,-1.05,France
LIVORNO,43.55,10.32,Italy
LUMUT,4.23,100.63,Malaysia
LERWICK,60.15,-1.15,United Kingdom
LEVUKA,-17.68,178.83,Fiji
LIANYUNGANG,34.73,119.45,China
LIBREVILLE,0.38,9.45,Gabon
LIEPAJA,56.52,21.02,Latvia
LIMASSOL,34.67,33.05,Cyprus
LIMERICK,52.63,-8.62,Ireland
LIMETREE BAY,17.7,-64.75,U.S. Virgin Islands
LIMHAMN,55.58,12.93,Sweden
LINDEN,6.0,-58.3,Guyana
LIRQUEN,-36.72,-72.98,Chile
ZHOUSHAN,30.0,122.1,China
LIVERPOOL,53.42,-3.0,United Kingdom
LOBITO,-12.33,13.57,Angola
LOME,6.13,1.28,Togo
LOMONOSOV,59.92,29.77,Russia
LONDON,51.5,-0.08,United Kingdom
TILBURY,51.47,0.33,United Kingdom
LONG BEACH,33.77,-118.18,United States
LONGVIEW,46.13,-122.93,United States
LORENGAU,-2.02,147.27,Papua New Guinea
LORIENT,47.75,-3.35,France
LOS ANGELES,33.75,-118.25,United States
BEAUHARNOIS,45.32,-73.88,Canada
LOWESTOFT,52.48,1.75,United Kingdom
LUANDA,-8.8,13.25,Angola
LUBA,3.5,8.57,Equatorial Guinea
LUBECK,53.88,10.7,Germany
LUCINDA,-18.52,146.33,Australia
LULEA,65.58,22.17,Sweden
LUMUT,4.72,114.45,Brunei
SHANGHAI,31.22,121.5,China
LUWUK,-0.95,122.8,Indonesia
LYNESS,58.83,-3.2,United Kingdom
LYSEKIL,58.27,11.43,Sweden
MAASSLUIS,51.92,4.25,Netherlands
MADANG,-5.22,145.82,Papua New Guinea
MADRE DE DEUS,-12.75,-38.62,Brazil
MAHAJANGA,-15.72,46.3,Madagascar
MAHON,39.88,4.27,Spain
MAILIAO,23.78,120.17,Taiwan
MALAGA,36.72,-4.42,Spain
MALE,4.17,73.5,Maldives
MALMO,55.62,13.0,Sweden
MAMONAL,10.32,-75.52,Colombia
MANAUS,-3.13,-60.02,Brazil
MANCHESTER,53.48,-2.27,United Kingdom
MANFREDONIA,41.62,15.92,Italy
MANGALIA,43.82,28.58,Romania
MANILA,14.58,120.97,Philippines
MANTA,-0.95,-80.72,Ecuador
MANTYLUOTO,61.6,21.48,Finland
MANZANILLO,20.35,-77.12,Cuba
MANZANILLO,19.05,-104.32,Mexico
MAP TA PHUT,12.67,101.17,Thailand
MAPUTO,-25.97,32.58,Mozambique
MAR DEL PLATA,-38.03,-57.53,Argentina
MARCUS HOOK,39.82,-75.42,United States
MARIEHAMN,60.1,19.92,Finland
MARIEL,22.98,-82.75,Cuba
MARIN,42.4,-8.7,Spain
MARINA DI CARRARA,44.03,10.03,Italy
MARIVELES,14.43,120.48,Philippines
MARQUETTE,46.53,-87.38,United States
MARSAXLOKK,35.82,14.55,Malta
MASAO,9.0,125.42,Philippines
MATADI,-5.82,13.45,Democratic Republic of the Congo
MATANZAS,23.05,-81.55,Cuba
MATSU-SHIMA,32.93,129.6,Japan
MATSUYAMA,33.85,132.7,Japan
MAYAGUEZ,18.2,-67.15,Puerto Rico
MAZATLAN,23.2,-106.42,Mexico
MOBILE,30.68,-88.12,United States
THUNDER BAY,48.4,-89.23,Canada
MEGA,34.78,134.7,Japan
MEJILLONES,-23.1,-70.47,Chile
MELBOURNE,-37.83,144.97,Australia
MENZEL BOURGUIBA,37.15,9.8,Tunisia
MERSIN,36.8,34.63,Turkey
MESSINA,38.2,15.57,Italy
MIDDELFART,55.5,9.73,Denmark
MIDIA,44.35,28.67,Romania
MILAZZO,38.22,15.25,Italy
MILNER BAY,-13.87,136.42,Australia
MILOS,36.72,24.45,Greece
MILWAUKEE,43.03,-87.88,United States
MINA RAYSUT,16.93,54.02,Oman
MINA SAQR,25.98,56.05,United Arab Emirates
MIRI,4.38,113.97,Malaysia
MITSUKOJIMA,34.18,132.52,Japan
MOCAMBIQUE,-15.03,40.73,Mozambique
MOHAMMEDIA,33.72,-7.4,Morocco
MOKPO,34.78,126.38,South Korea
MONFALCONE,45.78,13.55,Italy
MONGSTAD,60.82,5.03,Norway
MONROVIA,6.32,-10.82,Liberia
MONTEGO BAY,18.47,-77.93,Jamaica
MONTEVIDEO,-34.9,-56.22,Uruguay
MONTREAL,45.52,-73.55,Canada
MONTROSE,56.7,-2.47,United Kingdom
MOREHEAD CITY,34.72,-76.7,United States
MOSSEL BAY,-34.18,22.15,South Africa
MOSTAGANEM,35.93,0.08,Algeria
MOSTYN,53.32,-3.27,United Kingdom
MOTRIL,36.75,-3.52,Spain
MTWARA,-10.27,40.2,Tanzania
MUNDRA,22.73,69.7,India
MURMANSK,68.98,33.05,Russia
NAANTALI,60.47,22.02,Finland
NACALA,-14.53,40.67,Mozambique
NAGASAKI,32.72,129.85,Japan
NAKAGUSUKU,26.27,127.92,Japan
NAKHODKA,42.8,132.88,Russia
NAKSKOV,54.83,11.13,Denmark
NAMIBE,-15.2,12.15,Angola
NAMPO,38.72,125.4,North Korea
NAMSOS,64.47,11.5,Norway
NANJING,32.08,118.75,China
OSAKA,34.65,135.43,Japan
NANTES,47.2,-1.57,France
NANTONG,32.0,120.8,China
PORT MORESBY,-9.47,147.13,Papua New Guinea
NAPIER,-39.48,176.92,New Zealand
NARVIK,68.43,17.42,Norway
NASSAU,25.08,-77.35,Bahamas
NATAL,-5.78,-35.2,Brazil
NAURU,-0.53,166.92,Nauru
NAVLAKHI,22.95,70.45,India
NELSON,-41.27,173.27,New Zealand
NEW AMSTERDAM,6.25,-57.52,Guyana
NEW BEDFORD,41.63,-70.92,United States
NEW HAVEN,41.23,-72.92,United States
NEW HOLLAND,53.7,-0.37,United Kingdom
NEW PLYMOUTH,-39.07,174.03,New Zealand
NEWARK,40.7,-74.15,United States
NEWCASTLE,-32.92,151.78,Australia
NEWPORT NEWS,36.97,-76.43,United States
NEWPORT,51.55,-2.98,United Kingdom
NICE,43.7,7.28,France
NIIHAMA,33.98,133.28,Japan
NIKISKI,60.68,-151.4,United States
NISHIHARA,26.22,127.8,Japan
NOME,64.5,-165.42,United States
NORDENHAM,53.48,8.48,Germany
NORRKOPING,58.58,16.2,Sweden
NOUADHIBOU,20.92,-17.05,Mauritania
NOUAKCHOTT,18.03,-16.03,Mauritania
NOUMEA,-22.28,166.43,New Caledonia
NUEVA PALMIRA,-33.88,-58.42,Uruguay
NUUK,64.18,-51.75,Greenland
NYBORG,55.32,10.8,Denmark
NYNASHAMN,58.9,17.97,Sweden
OAKLAND,37.82,-122.33,United States
OCHO RIOS,18.42,-77.12,Jamaica
ODDA,60.08,6.55,Norway
ODENSE,55.42,10.38,Denmark
SEVASTOPOL,44.62,33.53,Ukraine
OFUNATO,39.05,141.73,Japan
OKHA,22.47,69.08,India
OKHA,53.55,143.0,Russia
OKWORI TERMINAL,3.85,6.98,Nigeria
OLBIA,40.92,9.5,Italy
OLEUM,38.05,-122.27,United States
OMISALJ,45.22,14.55,Croatia
ONNE,4.68,7.15,Nigeria
ONODA,34.0,131.18,Japan
ULSAN,35.45,129.4,South Korea
ONSLOW,-21.65,115.1,Australia
ORAN,35.7,-0.63,Algeria
ORNSKOLDSVIK,63.28,18.72,Sweden
ORTONA,42.35,14.42,Italy
OSHAWA,43.87,-78.82,Canada
OSKARSHAMN,57.27,16.45,Sweden
OSLO,59.92,10.75,Norway
OSWEGO,43.47,-76.52,United States
OTRANTO,40.15,18.5,Italy
OULU,65.02,25.4,Finland
OXELOSUND,58.67,17.12,Sweden
PALDISKI,59.35,24.03,Estonia
PALEMBANG,-2.98,104.77,Indonesia
PALM BEACH,26.77,-80.05,United States
PANAMA CITY,30.13,-85.65,United States
PANJANG,-5.47,105.32,Indonesia
PAPEETE,-17.53,-149.58,French Polynesia
PAR,50.35,-4.7,United Kingdom
PARADIP,20.27,86.68,India
PARAMARIBO,5.83,-55.17,Suriname
PARANA,-31.72,-60.53,Argentina
PARANAGUA,-25.5,-48.52,Brazil
PARANAM,5.62,-55.1,Suriname
PARNU,58.38,24.5,Estonia
PASADENA,29.72,-95.22,United States
PATTANI,6.95,101.3,Thailand
PAUILLAC,45.2,-0.75,France
PAULSBORO,39.85,-75.25,United States
PAYSANDU,-32.32,-58.07,Uruguay
PENCO,-36.72,-73.0,Chile
PENGLAI,37.82,120.83,China
PENSACOLA,30.4,-87.22,United States
PEPEL,8.58,-13.05,Sierra Leone
PERAMA,37.97,23.57,Greece
PERTH AMBOY,40.5,-74.27,United States
PETERHEAD,57.5,-1.78,United Kingdom
PETERSBURG,56.82,-132.95,United States
SKIKDA,36.88,6.92,Algeria
PHUKET,7.83,98.4,Thailand
PICHILINGUE,24.27,-110.33,Mexico
PINEY POINT,38.13,-76.53,United States
PITEA,65.32,21.48,Sweden
POHANG,36.05,129.38,South Korea
POINT FORTIN,10.2,-61.7,Trinidad and Tobago
POINTE NOIRE,-4.78,11.83,Republic of the Congo
POLICE,53.57,14.57,Poland
PONTA DELGADA,37.73,-25.67,Portugal
PORBANDAR,21.63,69.6,India
PORI,61.48,21.8,Finland
PORT ALMA,-23.58,150.85,Australia
PORT ALUCROIX,17.7,-64.77,U.S. Virgin Islands
PORT ANGELES,48.12,-123.43,United States
PORT ANTONIO,18.18,-76.45,Jamaica
PORT ARANSAS,27.83,-97.05,United States
PORT ARTHUR,29.83,-93.97,United States
PORT BLAIR,11.68,92.75,India
PORT BONYTHON,-33.02,137.77,Australia
PORT BOUET,5.23,-3.97,Côte d'Ivoire
PORT-DE-BOUC,43.4,4.98,France
PORT DICKSON,2.53,101.78,Malaysia
PORT ESQUIVEL,17.88,-77.13,Jamaica
PORT GENTIL,-0.7,8.8,Gabon
PORT GILES,-35.03,137.77,Australia
PORT HARCOURT,4.77,7.0,Nigeria
STEPHENVILLE,48.53,-58.53,Canada
PORT HAWKESBURY,45.62,-61.37,Canada
PORT HEDLAND,-20.32,118.58,Australia
PORT HURON,43.0,-82.43,United States
PORT KAISER,17.87,-77.6,Jamaica
PORT KLANG,3.0,101.4,Malaysia
PORT KEMBLA,-34.48,150.92,Australia
PORT LATTA,-40.83,145.38,Australia
PORT LINCOLN,-34.72,135.85,Australia
PORT LOUIS,-20.15,57.5,Mauritius
PORT NECHES,30.0,-93.95,United States
PORT OF SPAIN,10.65,-61.52,Trinidad and Tobago
PORT PIRIE,-33.18,138.02,Australia
PORT READING,40.57,-74.23,United States
PORT SULPHUR,29.48,-89.68,United States
PORT TALBOT,51.58,-3.82,United Kingdom
PORT VILA,-17.73,168.32,Vanuatu
PORT WALCOTT,-20.65,117.18,Australia
PORT WASHINGTON,43.38,-87.87,United States
PORTLAND,43.67,-70.25,United States
PORTLAND,45.52,-122.67,United States
PORTLAND,-38.33,141.6,Australia
PORTO ALEGRE,-30.03,-51.23,Brazil
PORTO EMPEDOCLE,37.28,13.53,Italy
PORTO GRANDE,16.88,-25.0,Cabo Verde
PORTO SANTO STEFANO,42.43,11.12,Italy
PORTO TORRES,40.83,8.4,Italy
PORTSMOUTH,15.57,-61.47,Dominica
PORTSMOUTH,43.08,-70.75,United States
PORTSMOUTH,36.82,-76.3,United States
POTI,42.15,41.58,Georgia
POWELL RIVER,49.87,-124.53,Canada
SANTA MARTA,11.25,-74.22,Colombia
POZZALLO,36.72,14.85,Italy
PRIMORSK,60.37,28.63,Russia
PRINCE RUPERT,54.32,-130.33,Canada
PROBOLINGGO,-7.72,113.22,Indonesia
PROGRESO,21.28,-89.67,Mexico
PROVIDENCE,41.8,-71.4,United States
PUERTO ARMUELLES,8.27,-82.85,Panama
PUERTO BARRIOS,15.73,-88.6,Guatemala
PUERTO BELGRANO,-38.88,-62.1,Argentina
PUERTO BOLIVAR,12.25,-71.97,Colombia
PUERTO BOLIVAR,-3.27,-80.0,Ecuador
PUERTO CABELLO,10.48,-68.0,Venezuela
PUERTO CASTILLA,16.0,-85.98,Honduras
PUERTO CHACABUCO,-45.47,-72.83,Chile
PUERTO CORTES,15.83,-87.95,Honduras
PUERTO CUMAREBO,11.48,-69.35,Venezuela
PUERTO DEL ROSARIO,28.5,-13.85,Spain
PUERTO LA CRUZ,10.25,-64.63,Venezuela
PUERTO LIMON,9.98,-83.02,Costa Rica
PUERTO MIRANDA,10.77,-71.57,Venezuela
PUERTO MONTT,-41.48,-72.97,Chile
PUERTO ORDAZ,8.35,-62.72,Venezuela
PUERTO PADRE,21.28,-76.53,Cuba
PUERTO PLATA,19.8,-70.7,Dominican Republic
QUEQUEN,-38.58,-58.7,Argentina
PUERTO QUETZAL,13.92,-90.8,Guatemala
PUERTO ROSALES,-38.93,-62.07,Argentina
PUERTO SANDINO,12.18,-86.77,Nicaragua
PUERTO SARA,-52.63,-70.2,Chile
PULA,44.88,13.8,Croatia
PULAU SAMBU,1.17,103.9,Indonesia
PUNTA CARDON,11.63,-70.23,Venezuela
PUNTA DE PALMAS,10.78,-71.58,Venezuela
PUNTA DELGADA,-52.47,-69.55,Chile
PUNTARENAS,9.98,-84.83,Costa Rica
QINZHOU,21.73,108.58,China
QUANZHOU,24.88,118.6,China
ST GEORGE'S,12.05,-61.75,Grenada
QUI NHON,13.77,109.23,Vietnam
RAAHE,64.68,24.42,Finland
RABAUL,-4.2,152.18,Papua New Guinea
RABIGH,22.73,38.98,Saudi Arabia
RADES,36.82,10.3,Tunisia
RAMALLO,-33.48,-60.02,Argentina
RAMSGATE,51.33,1.42,United Kingdom
RANDERS,56.47,10.05,Denmark
RAS GHARIB,28.35,33.1,Egypt
RAS LAFFAN,25.92,51.58,Qatar
RAUMA,61.13,21.5,Finland
RECIFE,-8.05,-34.87,Brazil
REYKJAVIK,64.15,-21.93,Iceland
RICHARDS BAY,-28.82,32.08,South Africa
RICHMOND,37.53,-77.42,United States
RIGA,56.95,24.1,Latvia
RIO GRANDE,-32.05,-52.08,Brazil
RIZHAO,35.38,119.57,China
ROCHEFORT,45.93,-0.95,France
ROCKY POINT,17.82,-77.15,Jamaica
ROSARIO,-32.95,-60.63,Argentina
ROSARITO,32.37,-117.1,Mexico
ROSEAU,15.3,-61.4,Dominica
ROSTOCK,54.1,12.13,Germany
ROSYTH,56.02,-3.43,United Kingdom
ROTA,36.62,-6.33,Spain
SABANG,5.88,95.32,Indonesia
SACRAMENTO,38.58,-121.5,United States
SAFI,32.3,-9.25,Morocco
SAGUNTO,39.65,-0.22,Spain
SAIPAN,15.2,145.68,Northern Mariana Islands
SAKAIMINATO,35.53,133.23,Japan
SALAVERRY,-8.23,-78.98,Peru
SALAWATI,-1.35,130.98,Indonesia
SALDANHA BAY,-33.03,17.97,South Africa
SALEM,42.52,-70.88,United States
SALERNO,40.67,14.75,Italy
SALINA CRUZ,16.17,-95.2,Mexico
SAMARINDA,-0.52,117.12,Indonesia
SAMSUN,41.3,36.35,Turkey
SAN CIPRIAN,43.7,-7.43,Spain
SAN DIEGO,32.72,-117.18,United States
SAN FRANCISCO,37.82,-122.42,United States
SAN JUAN,18.47,-66.12,Puerto Rico
SAN LORENZO,-32.75,-60.73,Argentina
SAN LORENZO,9.78,-71.07,Venezuela
SAN NICOLAS,-33.33,-60.23,Argentina
SAN PEDRO DE MACORIS,18.45,-69.32,Dominican Republic
SAN PEDRO,-33.58,-59.82,Argentina
SAN PEDRO,4.73,-6.62,Côte d'Ivoire
SANDARNE,61.27,17.18,Sweden
SANTA CRUZ DE TENERIFE,28.47,-16.23,Spain
SANTA FE,-31.65,-60.7,Argentina
SANTANDER,43.47,-3.78,Spain
SANTAREM,-2.42,-54.72,Brazil
SANTIAGO DE CUBA,20.02,-75.83,Cuba
LUGANVILLE,-15.52,167.17,Vanuatu
SAO SEBASTIAO,-23.8,-45.4,Brazil
SAPELE,5.9,5.68,Nigeria
SARNIA,42.98,-82.42,Canada
SASEBO,33.17,129.72,Japan
SATTAHIP,12.62,100.92,Thailand
SAVONA,44.32,8.5,Italy
SCHEVENINGEN,52.1,4.27,Netherlands
SEARSPORT,44.45,-68.92,United States
SEATTLE,47.6,-122.33,United States
SEKUPANG,1.13,103.92,Indonesia
SEMARANG,-6.95,110.42,Indonesia
SENBONG,42.33,130.4,North Korea
SETE,43.4,3.7,France
SETUBAL,38.52,-8.9,Portugal
SEWARD,60.1,-149.43,United States
SEWAREN,40.55,-74.25,United States
SHEERNESS,51.45,0.75,United Kingdom
SILLAMAE,59.4,27.05,Estonia
SINES,37.95,-8.87,Portugal
SITKA,57.05,-135.33,United States
SKAERBAEK,55.52,9.62,Denmark
SKAGWAY,59.45,-135.33,United States
SKELLEFTEHAMN,64.68,21.23,Sweden
SKIEN,59.2,9.6,Norway
SLAVYANKA,42.87,131.38,Russia
SLITE,57.7,18.82,Sweden
SOCHI,43.58,39.73,Russia
SODERHAMN,61.3,17.08,Sweden
SODERTALJE,59.18,17.65,Sweden
SOLVESBORG,56.05,14.58,Sweden
SOMA,37.83,140.95,Japan
SORAKER,62.5,17.5,Sweden
SOUSSE,35.83,10.65,Tunisia
SOUTH RIDING POINT,26.62,-78.22,Bahamas
SOUTHAMPTON,50.9,-1.4,United Kingdom
SPLIT,43.5,16.43,Croatia
JURONG ISLAND,1.28,103.73,Singapore
SI RACHA,13.17,100.92,Thailand
ST GEORGE'S,32.38,-64.68,Bermuda
ST. JAMES,29.98,-90.93,United States
ST JOHN'S,47.57,-52.7,Canada
ST JOHNS,17.12,-61.85,Antigua and Barbuda
SAINT-MALO,48.65,-2.02,France
ST MICHAEL,63.48,-162.03,United States
ORANJESTAD,17.48,-62.98,"Bonaire, Sint Eustatius and Saba"
STAVANGER,58.97,5.75,Norway
STENUNGSUND,58.07,11.83,Sweden
SZCZECIN,53.42,14.55,Poland
STOCKTON,37.95,-121.3,United States
STRALSUND,54.32,13.1,Germany
STUDSTRUP,56.25,10.35,Denmark
SU-AO,24.6,121.87,Taiwan
SUBIC BAY,14.8,120.27,Philippines
SULLOM VOE,60.47,-1.3,United Kingdom
SUNDERLAND,54.92,-1.37,United Kingdom
SUPERIOR,46.73,-92.07,United States
SURABAYA,-7.2,112.73,Indonesia
SVOLVAER,68.23,14.58,Norway
SWANSEA,51.62,-3.95,United Kingdom
SWINOUJSCIE,53.92,14.27,Poland
SYDNEY,46.15,-60.2,Canada
TACHIBANA,33.87,134.67,Japan
TACLOBAN,11.25,125.0,Philippines
TACOMA,47.28,-122.42,United States
TAGANROG,47.2,38.95,Russia
TAHKOLUOTO,61.63,21.4,Finland
TAICANG,31.65,121.2,China
TAKAMATSU,34.35,134.05,Japan
TAKORADI,4.88,-1.73,Ghana
TALARA,-4.58,-81.28,Peru
TOAMASINA,-18.17,49.42,Madagascar
TAMPICO,22.22,-97.87,Mexico
TANANGER,58.93,5.58,Norway
TANGER,35.78,-5.82,Morocco
TANJUNG PELEPAS,1.35,103.55,Malaysia
TANJUNG SEKONG,-5.92,106.0,Indonesia
TARANTO,40.47,17.2,Italy
TARBERT,52.58,-9.37,Ireland
TARRAGONA,41.1,1.23,Spain
TAURANGA,-37.63,176.17,New Zealand
TEKIRDAG,40.98,27.52,Turkey
TELA,15.78,-87.45,Honduras
TEMA,5.62,0.02,Ghana
TEMRYUK,45.35,37.35,Russia
TERMINI IMERESE,37.98,13.7,Italy
TERNEUZEN,51.35,3.82,Netherlands
TEXAS CITY,29.38,-94.92,United States
THESSALONIKI,40.63,22.93,Greece
THEVENARD,-32.17,133.65,Australia
TORSHAVN,62.0,-6.75,Faroe Islands
THURSDAY ISLAND,-10.58,142.22,Australia
THYBORON,56.7,8.22,Denmark
TIKSI,71.63,128.87,Russia
TIMARU,-44.4,171.25,New Zealand
TIVERTON,41.63,-71.22,United States
TOCOPILLA,-22.08,-70.23,Chile
TOLEDO,41.7,-83.47,United States
TOLIARA,-23.37,43.67,Madagascar
TONDA,34.03,131.75,Japan
TONSBERG,59.28,10.42,Norway
TOPOLOBAMPO,25.6,-109.07,Mexico
TORONTO,43.62,-79.38,Canada
TOULON,43.1,5.92,France
TOWNSVILLE,-19.27,146.82,Australia
TRABZON,41.02,39.77,Turkey
TRAMANDAI,-29.98,-50.13,Brazil
TRAPANI,38.02,12.5,Italy
TRAVERSE CITY,44.77,-85.62,United States
TRELLEBORG,55.37,13.15,Sweden
TRENTON,40.2,-74.77,United States
TRIESTE,45.65,13.77,Italy
TROMSO,69.65,18.97,Norway
TRONDHEIM,63.43,10.4,Norway
TUAPSE,44.1,39.07,Russia
TUBAN,-6.73,112.15,Indonesia
TUBARAO,-20.28,-40.25,Brazil
TUMACO,1.82,-78.75,Colombia
TUNIS,36.8,10.25,Tunisia
TURBO,8.08,-76.73,Colombia
TUXPAN,20.95,-97.4,Mexico
TYNEMOUTH,55.0,-1.4,United Kingdom
UDDEVALLA,58.35,11.92,Sweden
UMM QASR,30.02,47.95,Iraq
UTANSJO,62.77,17.93,Sweden
UUSIKAUPUNKI,60.8,21.4,Finland
VAASA,63.1,21.58,Finland
VAJA,62.98,17.72,Sweden
VALDEZ,61.12,-146.25,United States
VALENCIA,39.45,-0.32,Spain
VANCOUVER,45.63,-122.68,United States
VARBERG,57.12,12.25,Sweden
VARNA,43.18,27.97,Bulgaria
VASTERAS,59.62,16.55,Sweden
VASTERVIK,57.77,16.65,Sweden
VEJLE,55.72,9.55,Denmark
VENTSPILS,57.4,21.53,Latvia
VERACRUZ,19.2,-96.13,Mexico
VERAVAL,20.9,70.37,India
VIANA DO CASTELO,41.7,-8.83,Portugal
VIGO,42.23,-8.72,Spain
VILA DO CONDE,-1.55,-48.75,Brazil
VILA DO PORTO,36.93,-25.15,Portugal
VILLA CONSTITUCION,-33.23,-60.33,Argentina
VILLANUEVA,8.58,124.77,Philippines
VISBY,57.63,18.28,Sweden
VITINO,67.08,32.32,Russia
VITORIA,-20.32,-40.33,Brazil
VLADIVOSTOK,43.12,131.9,Russia
VOLOS,39.37,22.95,Greece
VOSTOCHNYY,42.75,133.08,Russia
VYBORG,60.72,28.75,Russia
WAKE ISLAND,19.28,166.62,Wake Island
WALLAROO,-33.93,137.62,Australia
WALVIS BAY,-22.95,14.5,Namibia
WARRI,5.52,5.73,Nigeria
WATERFORD,52.27,-7.12,Ireland
ST PETERSBURG,27.77,-82.62,United States
WEIHAI,37.5,122.1,China
WEIPA,-12.67,141.87,Australia
WELLINGTON,-41.28,174.78,New Zealand
WENZHOU,28.02,120.65,China
WESTERN PORT,-38.35,145.23,Australia
WHANGAREI,-35.8,174.43,New Zealand
WHYALLA,-33.03,137.58,Australia
WILHELMSHAVEN,53.53,8.17,Germany
WILMINGTON,39.73,-75.55,United States
WILMINGTON,34.23,-77.95,United States
WISMAR,53.9,11.47,Germany
WYNDHAM,-15.47,128.1,Australia
XEROS,35.13,32.83,Cyprus
YANAI,33.95,132.13,Japan
YANBU,24.08,38.05,Saudi Arabia
YANGPU,19.73,109.18,China
YANTIAN,22.58,114.27,China
YEYSK,46.73,38.27,Russia
YINGKOU,40.68,122.23,China
YOKKAICHI,34.97,136.63,Japan
YORKTOWN,37.23,-76.5,United States
YSTAD,55.43,13.83,Sweden
YURA,33.95,135.1,Japan
ZADAR,44.12,15.22,Croatia
ZANZIBAR,-6.17,39.18,Tanzania
ZARATE,-34.08,-59.03,Argentina
ZARZIS,33.5,11.12,Tunisia
ZEEBRUGGE,51.33,3.2,Belgium
ZHANGZHOU,24.68,118.15,China
ZHANJIANG,21.2,110.4,China
ZHAPU,30.58,121.08,China
ZHUHAI,22.23,113.58,China
ABENRA,55.05,9.43,Denmark
ALBORG,57.05,9.93,Denmark
ARHUS,56.15,10.22,Denmark
PUERTO DE BILBAO,43.35,-3.05,Spain
ABU ZABY,24.5,54.33,United Arab Emirates
AOMORI KO,40.83,140.75,Japan
RODHOS,36.45,28.23,Greece
EL-ADABIYA,29.87,32.47,Egypt
ADAK NAVAL AIR STATION,51.87,-176.63,United States
PORT ADELAIDE,-34.85,138.5,Australia
MILIANA,39.17,23.22,Greece
ANDRES (ANDRES LNG TERMINAL),18.43,-69.63,Dominican Republic
AGBAMI OIL TERMINAL,3.47,5.57,Nigeria
STILIS,38.92,22.62,Greece
MEGARA OIL TERMINAL,37.97,23.4,Greece
TRANNESET,60.42,5.02,Norway
AIN SUKHNA TERMINAL,29.58,32.37,Egypt
NORTH AIN SUKHNA PORT,29.65,32.37,Egypt
PORT D' AJACCIO,41.92,8.75,France
KATSUNAN KO,35.67,139.98,Japan
AKPO OIL TERMINAL,3.13,6.82,Nigeria
AL-BASRA OIL TERMINAL,29.68,48.82,Iraq
AL RAYYAN TERMINAL,26.65,51.55,Qatar
SITRAH,26.17,50.67,Bahrain
PALUA,8.37,-62.68,Venezuela
PUERTO DE ALCUDIA,39.83,3.13,Spain
AL ISKANDARIYH (ALEXANDRIA),31.17,29.83,Egypt
ALEXANDROUPOLI,40.83,25.88,Greece
ALGER,36.77,3.07,Algeria
ORMOS ALIVERIOU,38.38,24.05,Greece
KABA BURNU,40.77,29.53,Turkey
AMBARLI,40.97,28.7,Turkey
AMUAY (BAHIA DE AMUAY),11.75,-70.23,Venezuela
BAHIA DE ANCON,-11.75,-77.18,Peru
PUERTO MARITIMO DE GUAYAQUIL,-2.28,-79.9,Ecuador
KIETA,-6.22,155.63,Papua New Guinea
NEW WESTMINSTER,49.2,-122.92,Canada
ANTAN OIL TERMINAL,4.22,8.33,Nigeria
PORT DU HAVRE-ANTIFER,49.65,0.15,France
ANTWERPEN,51.22,4.4,Belgium
ANYER LOR,-6.05,105.92,Indonesia
TANJUNG GEREM,-5.97,105.98,Indonesia
AOKATA,32.98,129.07,Japan
APRA HARBOR,13.45,144.62,Guam
AL AQABAH,29.52,35.0,Jordan
ELAT,29.55,34.95,Israel
SCHIEDAM,51.9,4.4,Netherlands
ARDJUNA OIL FIELD,-5.88,107.72,Indonesia
RADA DE ARICA,-18.47,-70.33,Chile
PORT SOCONY,40.55,-74.25,United States
PAARDEN BAAI - (ORANJESTAD),12.52,-70.03,Aruba
NORTH POINT,-7.88,-14.37,Saint Helena
ASH SHIHR OIL TERMINAL,14.73,49.5,Yemen
ASHQELON,31.67,34.5,Israel
ASHTART OIL TERMINAL,34.28,11.38,Tunisia
ASPROPIRGOS,38.03,23.6,Greece
BANDAR-E PARS TERMINAL,27.53,52.53,Iran
IRAKLION,35.35,25.15,Greece
PORT COSTA,38.05,-122.18,United States
KARLSBORG,65.8,23.28,Sweden
BOTAS DORTYOL OIL TERMINAL,36.87,36.13,Turkey
AZ ZAWIYA,32.8,12.72,Libya
DUMAGUETE,9.32,123.3,Philippines
BONTANG LNG TERMINAL,0.1,117.48,Indonesia
ERDEK,40.38,27.8,Turkey
NEATH,51.63,-3.83,United Kingdom
BAHIA DE LAS MINAS,9.4,-79.82,Panama
MINA SALMAN,26.2,50.63,Bahrain
BARKAN OIL-LOADING TERMINAL,29.73,50.17,Iran
BAIE COMEAU,49.23,-68.13,Canada
BANDAR KHOMEYNI,30.43,49.08,Iran
BANDAR-E MAHSHAHR,30.47,49.18,Iran
BANDAR TAHERI OFFSHORE TERMINAL,27.65,52.35,Iran
BANIYAS,35.18,35.95,Syria
BAOBAB MARINE TERMINAL,4.97,-4.55,Côte d'Ivoire
BARBERS POINT TERMINAL,21.27,-158.1,United States
SINCO,29.72,-95.23,United States
PUERTO CHANARAL,-26.35,-70.65,Chile
CASTLE BAY,56.95,-7.48,United Kingdom
BESHAYER OIL TERMINAL,19.4,37.32,Sudan
PUERTO BAYOVAR,-5.83,-81.05,Peru
NORSWORTHY,29.73,-95.2,United States
PORT BAYSIDE NB,45.15,-67.13,Canada
SERPENTINA TERMINAL,3.8,8.08,Equatorial Guinea
BAYRUT,33.9,35.5,Lebanon
MUUGA-PORT OF TALLIN,59.5,24.95,Estonia
BELANAK FIELD TERMINAL,4.15,106.25,Indonesia
PORT DALRYMPLE,-41.13,146.83,Australia
PUERTO SAN MARTIN,-32.72,-60.73,Argentina
BANGHAZI,32.12,20.05,Libya
ARZEW EL DJEDID,35.82,-0.25,Algeria
BINTULU PORT,3.27,113.07,Malaysia
BIRD PORT,51.57,-2.97,United Kingdom
TOROS GUBRE,36.92,35.97,Turkey
PUERTO DE PASAJES,43.33,-1.93,Spain
BANZART,37.28,9.88,Tunisia
BLANGLANCANG,5.23,97.1,Indonesia
BLUFF HARBOR,-46.6,168.33,New Zealand
MERAK MAS TERMINAL,-5.92,105.98,Indonesia
ULVVIK,62.67,17.87,Sweden
MUMBAI (BOMBAY),18.97,72.87,India
SALINA,12.08,-68.28,"Bonaire, Sint Eustatius and Saba"
BOTAS,36.88,35.93,Turkey
BOTAS NATURAL GAS TERMINAL,41.0,27.98,Turkey
VLAARDINGEN,51.9,4.35,Netherlands
BOURI OIL FIELD,33.9,12.65,Libya
MAURER,40.53,-74.25,United States
BRAEFOOT BAY TERMINAL,56.03,-3.32,United Kingdom
KEPPEL - (EAST SINGAPORE),1.28,103.85,Singapore
BRASS OIL TERMINAL,4.07,6.28,Nigeria
BRISTOL,41.67,-71.27,United States
RADE DE BREST,48.38,-4.5,France
LAMLASH HARBOR,55.53,-5.12,United Kingdom
BRUNSBUTTEL ELBAHAFEN,53.88,9.17,Germany
TONGHAE,37.53,129.15,South Korea
MUKHO,37.57,129.12,South Korea
BULLEN BAAI,12.18,-69.03,Curaçao
SCAPA BAY,58.95,-2.98,United Kingdom
PUSAN,35.1,129.03,South Korea
DTSE / GEGUA OIL TERMINAL,-22.82,-43.15,Brazil
JAWAHARLAL NEHRU PORT (NHAVA SHIVA),18.95,72.95,India
BUTINGE OIL TERMINAL,56.03,20.95,Lithuania
PULAU PINANG,5.42,100.35,Malaysia
BUTZFLETH,53.65,9.52,Germany
PORT DE CAEN,49.18,-0.35,France
CALCUTTA,22.55,88.33,India
PUERTO CALDERA,-27.05,-70.83,Chile
PUERTO CALDERA,9.92,-84.72,Costa Rica
PUERTO DEL CALLAO,-12.05,-77.15,Peru
GALEOTA POINT TERMINAL,10.13,-60.98,Trinidad and Tobago
RADA DI VADO,44.27,8.43,Italy
ST JOHN,45.27,-66.05,Canada
CANAPORT (ST. JOHN),45.2,-65.98,Canada
LIMBOH TERMINAL,3.98,9.15,Cameroon
CAPE PALMAS,4.37,-7.72,Liberia
PUERTO DE CARBONERAS,37.0,-1.88,Spain
EL GRAO,39.97,0.02,Spain
BURRIANA,39.88,-0.05,Spain
CAYO ARCAS TERMINAL,20.17,-91.98,Mexico
CEBU,10.3,123.9,Philippines
CEIBA TERMINAL,1.42,9.23,Equatorial Guinea
EUROPA POINT,36.13,-5.35,Gibraltar
MOUDI MARINE TERMINAL,4.12,8.48,Cameroon
KUNSAN,35.98,126.62,South Korea
ZHANGJIANGANG,31.97,120.4,China
CHATHAM DOCKS,51.4,0.55,United Kingdom
CHENNAI (MADRAS),13.1,80.3,India
RADE DE CHERBOURG,49.65,-1.63,France
CHIBA KO,35.58,140.07,Japan
CHI-LUNG,25.13,121.77,Taiwan
PUERTO DE CHIMBOTE,-9.08,-78.62,Peru
TRINCOMALEE HARBOR,8.55,81.22,Sri Lanka
PORTO DI CHIOGGIA,45.23,12.3,Italy
KHIOS,38.37,26.13,Greece
CHITTAGONG,22.32,91.82,Bangladesh
SHEKOU,22.47,113.87,China
ILLICHIVSK,46.3,30.65,Ukraine
PORT LYTTELTON,-43.6,172.72,New Zealand
PUERTO PRODECO,11.15,-74.22,Colombia
CINTA OIL TERMINAL,-5.5,106.23,Indonesia
GEORGETOWN,-7.93,-14.42,Saint Helena
KILROOT,54.73,-5.72,United Kingdom
KOCHI (COCHIN),9.97,76.23,India
PUERTO COLON,9.37,-79.88,Panama
GRAND CUL DE SAC BAY,13.98,-61.02,Saint Lucia
PUERTO CRISTOBAL,9.35,-79.92,Panama
COME BY CHANCE HARBOR,47.8,-54.02,Canada
CONTRECOUR,45.88,-73.2,Canada
LONDONDERRY,55.0,-7.32,United Kingdom
KOBENHAVN,55.7,12.62,Denmark
TUBORG,55.72,12.58,Denmark
LA CORUNA,43.37,-8.4,Spain
SAN MIGUEL DE COZUMEL,20.5,-86.97,Mexico
BURLINGTON,40.08,-74.87,United States
NEMRUT LIMANI BAY,38.77,26.92,Turkey
CUMANA (PUERTO SUCRE),10.47,-64.18,Venezuela
RADA PUNTA ARENAS,-53.17,-70.9,Chile
DAESAN HANG,37.02,126.4,South Korea
DAI HANG,8.48,108.68,Vietnam
DALIA TERMINAL,-7.68,11.77,Angola
DAR ES SALAAM,-6.82,39.3,Tanzania
PORTO DI MALAMOCCO,45.33,12.32,Italy
JAZIRAT DAS,25.15,52.87,United Arab Emirates
DAVAO,7.07,125.62,Philippines
NEW CASTLE,39.65,-75.57,United States
DELTA TERMINAL,36.85,36.17,Turkey
DERINCE BURNU,40.75,29.82,Turkey
DIDON TERMINAL,33.78,11.9,Tunisia
YARIMCA,40.8,29.7,Turkey
GRENAA HAVN,56.42,10.93,Denmark
RIO BUENO,18.47,-77.47,Jamaica
DJENO TERMINAL,-4.93,11.9,Republic of the Congo
DNIPRO-BUZKYY,46.73,31.88,Ukraine
DOVER HARBOR,51.12,1.33,United Kingdom
PIRAIEVS,37.93,23.65,Greece
DRIFT RIVER,60.55,-152.13,United States
GEBIG,-23.05,-44.22,Brazil
NITEROI,-22.88,-43.12,Brazil
DUBAYY,25.27,55.3,United Arab Emirates
DUNKERQUE PORT OUEST,51.07,2.35,France
SEA EAGLE TERMINAL,4.8,5.32,Nigeria
BUR SAID (PORT SAID),31.27,32.3,Egypt
GARLSTON,53.35,-2.9,United Kingdom
EBOME MARINE TERMINAL,2.8,9.82,Cameroon
EL BOSQUE,10.4,-75.53,Colombia
TOLANARO,-25.03,47.0,Madagascar
EL HAMRA OIL TERMINAL,30.98,28.87,Egypt
BAHIA DE PERTIGALETE,10.23,-64.57,Venezuela
BRUNSBUTTEL CANAL TERMINALS,53.9,9.15,Germany
ELEVSIS,38.03,23.55,Greece
NEW YORK CITY,40.7,-74.02,United States
SINT MICHELSBAAI,12.13,-69.02,Curaçao
KAMARAJAR PORT,13.27,80.32,India
ENSTED,55.02,9.43,Denmark
ERAWAN TERMINAL,9.1,101.35,Thailand
AS SIDR,30.63,18.37,Libya
ESCRAVOS OIL TERMINAL,5.5,5.0,Nigeria
ESQUIMALT HARBOR,48.43,-123.43,Canada
ILOILO,10.7,122.58,Philippines
KANOKAWA KO,34.18,132.43,Japan
ETAME TERMINAL,-3.75,10.52,Gabon
TEIGNMOUTH HARBOUR,50.55,-3.5,United Kingdom
FABORG,55.1,10.25,Denmark
FALMOUTH HARBOUR,50.15,-5.07,United Kingdom
FINNART OIL TERMINAL,56.12,-4.83,United Kingdom
FAWLEY MARINE TERMINAL,50.82,-1.33,United Kingdom
PORTO SANTANA,-0.05,-51.18,Brazil
FEODOSIYA,45.02,35.43,Ukraine
COLCHESTER,51.88,0.92,United Kingdom
FLORO,61.6,5.03,Norway
SOUTH NESS,58.8,-3.2,United Kingdom
AYIOS NIKOLAOS,37.98,23.53,Greece
FORT DE FRANCE,14.6,-61.07,Martinique
PORT EVERGLADES,26.1,-80.12,United States
PORTO DE MUCURIPE,-3.72,-38.48,Brazil
PORT SAINT LOUIS DU RHONE,43.38,4.82,France
FOWEY HARBOUR,50.33,-4.63,United Kingdom
LA PALLICE,46.17,-1.22,France
KARSKAR,60.68,17.27,Sweden
FUJAYRAH HARBOR,25.17,56.33,United Arab Emirates
XIUYU,25.23,118.98,China
HAKATA,33.6,130.4,Japan
SHIMMINATO,36.77,137.12,Japan
KISARAZU KO,35.37,139.88,Japan
PHILLIPSBURG,18.02,-63.05,Sint Maarten
GALLE HARBOR,6.02,80.22,Sri Lanka
GAMAGORI KO,34.82,137.22,Japan
GAMBA OIL TERMINAL,-2.83,10.0,Gabon
VISHAKHAPATNAM,17.68,83.3,India
MACAU,22.18,113.57,Macau
PUERTO DE GARRUCHA,37.18,-1.82,Spain
GENOVA,44.4,8.93,Italy
GEORGETOWN,19.3,-81.38,Cayman Islands
TANGIER-MEDITERRANEAN,35.9,-5.52,Morocco
GIRASSOL TERMINAL,-7.65,11.68,Angola
MANDAL,58.02,7.47,Norway
JIZAN,16.9,42.48,Saudi Arabia
GOOSE BAY,53.37,-60.3,Canada
PORTSMOUTH HARBOUR,50.8,-1.1,United Kingdom
GOTEBORG,57.7,11.97,Sweden
GOVE,-12.2,136.7,Australia
MILLPORT,55.75,-4.92,United Kingdom
GLOUCESTER,39.9,-75.13,United States
GRONNEDAL (KANGILINNGUIT),61.23,-48.1,Greenland
NOANK,41.32,-71.98,United States
GUAIBA ISLAND TERMINAL,-23.02,-44.03,Brazil
GUAMARE OIL TERMINAL,-4.87,-36.28,Brazil
PUERTO GUANTANAMO,19.98,-75.13,Cuba
BAHIA HERRADURA GUAYACAN,-29.97,-71.37,Chile
BAHIA DE JOBOS,17.95,-66.18,Puerto Rico
PLAYA DE GUAYANILLA,18.02,-66.77,Puerto Rico
STIGSNAESVAERKET,55.2,11.25,Denmark
KIN WAN,26.42,127.9,Japan
GWANGYANG HANG,34.85,127.8,South Korea
HACHINOHE KO,40.53,141.55,Japan
HAEJU HANG,38.0,125.7,North Korea
HAKODATE KO,41.78,140.72,Japan
MUBARRAZ OIL TERMINAL,24.43,53.52,United Arab Emirates
HALDIA PORT,22.02,88.08,India
PORTHMOS EVRIPOU,38.47,23.58,Greece
JAZIRAT HALUL,25.68,52.42,Qatar
COWES HARBOUR,50.77,-1.3,United Kingdom
AL HAMRIYAH LPG TERMINAL,25.47,55.48,United Arab Emirates
SHARJAH OFFSHORE TERMINAL,25.58,55.4,United Arab Emirates
HANKOW,30.58,114.28,China
BAHAI DE LA HABANA,23.13,-82.37,Cuba
PORT OF LE HAVRE,49.48,0.12,France
KINUURA KO,34.85,136.95,Japan
SOUTH VALLEJO,38.08,-122.25,United States
HIBI KO,34.45,133.93,Japan
HIBIKINADA,33.93,130.83,Japan
KAWASAKI KO,35.5,139.77,Japan
THANH HO CHI MINH,10.77,106.72,Vietnam
AL AHMADI,14.83,42.97,Yemen
ST MARGARETS HOPE,58.83,-2.95,United Kingdom
HON GAI,20.95,107.07,Vietnam
HONNINGSVAG,70.98,26.0,Norway
PULAU BUKOM,1.23,103.77,Singapore
HOSOSHIMA KO,32.43,131.67,Japan
HOUND POINT TERMINAL,56.0,-3.37,United Kingdom
GULFPORT SI,40.63,-74.2,United States
HULUDAO GANG,40.7,120.98,China
CHAOZHOU,23.62,117.08,China
HUA-LIEN KANG,23.98,121.6,Taiwan
QINGDAO GANG,36.03,120.27,China
HULAYLAH OIL TERMINAL,25.98,55.93,United Arab Emirates
VALLOY,59.27,10.5,Norway
PORT OF ILHEUS,-14.78,-39.02,Brazil
ILIGAN,8.23,124.23,Philippines
PUERTO ILO,-17.63,-71.37,Peru
INCHON,37.47,126.62,South Korea
PUERTO INGENIERO WHITE,-38.8,-62.27,Argentina
PORT INGLESIDE,27.82,-97.18,United States
THANH HOA,10.82,106.77,Vietnam
ISHIKARI BAY NEW PORT,43.22,141.28,Japan
ISHINOMAKI KO,38.4,141.32,Japan
IWAKUNI KO,34.18,132.25,Japan
JABUNG BATANGHARI MARINE TERMINAL,-0.92,104.07,Indonesia
QUONSET POINT,41.58,-71.4,United States
MINA JABAL ALI,25.02,55.05,United Arab Emirates
JABAL AZ ZANNAH/RUWAYS,24.2,52.7,United Arab Emirates
JIDDAH,21.48,39.18,Saudi Arabia
SIDON/ZAHRANI TERMINAL,33.53,35.32,Lebanon
TANGSHAN (JINGTANG),39.2,119.02,China
JINZHOU WAN,40.75,121.1,China
JOHOR,1.43,103.9,Malaysia
EL JORF LASFAR,33.12,-8.62,Morocco
JOSE TERMINAL,10.1,-64.85,Venezuela
JU AYMAH OIL TERMINAL,26.93,50.03,Saudi Arabia
JU AYMAH LPG TERMINAL,26.87,50.05,Saudi Arabia
VADINAR TERMINAL,22.52,69.7,India
KOPERVIK,59.28,5.32,Norway
TANJUNGUBAN,1.07,104.22,Indonesia
KAGOSHIMA KO,31.58,130.57,Japan
KAKINADA BAY,17.0,82.32,India
PANARUKAN,-7.7,113.93,Indonesia
KAMAISHI KO,39.27,141.9,Japan
KAMPONG SAOM,10.63,103.5,Cambodia
KARAIKAL PORT,10.83,79.87,India
MOJI KO,33.95,130.97,Japan
SKUTSKAR,60.65,17.4,Sweden
KASHIMA KO,35.93,140.7,Japan
KASIM TERMINAL,-1.3,131.02,Indonesia
KAVKAZ OIL TERMINAL,45.33,36.65,Russia
PORT RICHMOND SI,40.65,-74.13,United States
KEMAMAN HARBOR,4.25,103.47,Malaysia
THAMESPORT,51.43,0.7,United Kingdom
PULAU SEBAROK,1.2,103.8,Singapore
KIRTEH OIL TERMINAL,4.57,103.47,Malaysia
AL MUKALLA,14.52,49.12,Yemen
KHALIFA BIN SALMAN,26.25,50.75,Bahrain
KHARG ISLAND OIL TERMINAL,29.23,50.33,Iran
KHAWR AL ZUBAIR,30.18,47.9,Iraq
KHAWR FAKKAN,25.35,56.38,United Arab Emirates
KHAWR AL AMAYA,29.78,48.8,Iraq
KIKUMA KO,34.03,132.83,Japan
AL JUBAYL,27.08,49.67,Saudi Arabia
TOBATA,33.92,130.82,Japan
KIZOMBA A TERMINAL,-6.32,11.05,Angola
KIZOMBA B TERMINAL,-6.35,11.15,Angola
KIZOMBA C TERMINAL,-6.32,11.28,Angola
BRATTHOLMEN,60.35,5.17,Norway
KO SI CHANG TERMINAL,13.17,100.82,Thailand
SIAM SEAPORT,13.13,100.88,Thailand
SHIKAMA,34.77,134.65,Japan
KOGE,55.45,12.2,Denmark
SI RACHA TERMINAL,13.12,100.88,Thailand
KOKURA KO,33.88,130.88,Japan
KOLE OIL TERMINAL,4.25,8.55,Cameroon
KOME KRIBI 1 MARINE TERMINAL,2.92,9.8,Cameroon
LIMIN KOS,36.9,27.28,Greece
RIJEKA LUKA,45.33,14.43,Croatia
LUTONG,4.47,114.0,Malaysia
KUANTAN NEW PORT,3.97,103.43,Malaysia
KUITO OIL FIELD,-5.47,11.5,Angola
KUSHIRO KO,42.98,144.37,Japan
AL KUWAYT,29.35,47.93,Kuwait
SOYO ANGOLA LNG TERMINAL,-6.12,12.33,Angola
PORT-LA-NOUVELLE,43.02,3.07,France
LA PAMPILLA OIL TERMINAL,-11.93,-77.13,Peru
SKHIRA,34.28,10.1,Tunisia
VICTORIA,5.28,115.23,Malaysia
LALANG MARINE TERMINAL,1.18,102.22,Indonesia
LON SHUI TERMINAL,20.83,115.68,China
SLAGENSTANGEN,59.32,10.52,Norway
BAHIA DE VALPARAISO,-33.03,-71.62,Chile
AL LADHIQIYAH,35.53,35.77,Syria
LAUTOKA HARBOR,-17.6,177.45,Fiji
JAZIREH-YE LAVAN OIL TERMINAL,26.78,53.33,Iran
LAWI LAWI OIL TERMINAL,-1.45,116.77,Indonesia
LEITH,55.98,-3.18,United Kingdom
PORTO DE LEIXOES,41.18,-8.7,Portugal
OPORTO,41.15,-8.67,Portugal
STORNOWAY HARBOR,58.18,-6.37,United Kingdom
HUANGPUXINGANG,23.05,113.5,China
GRASSELLI,40.62,-74.2,United States
LISBOA,38.7,-9.17,Portugal
ROTHESAY HARBOR,55.83,-5.05,United Kingdom
LODINGEN,68.42,16.0,Norway
MONTOIR,47.3,-2.13,France
LONGKOU GANG,37.63,120.28,China
SERANGOON HARBOR,1.4,103.95,Singapore
MALOY,61.93,5.12,Norway
UJUNG PANDANG,-5.13,119.4,Indonesia
PORTO DE MACEIO,-9.67,-35.73,Brazil
HUANGPU,23.08,113.42,China
VICTORIA,-4.62,55.45,Seychelles
MAIZURU KO,35.52,135.33,Japan
MAJURO ATOLL,7.08,171.38,Marshall Islands
MELAKA,2.2,102.25,Malaysia
MANGKASA OIL TERMINAL,-2.73,121.07,Indonesia
MALONG MARINE TERMINAL,4.63,104.82,Malaysia
VALLETTA HARBORS,35.9,14.52,Malta
DZAOUDZI,-12.78,45.25,Comoros
JERSEY CITY,40.72,-74.03,United States
MERSA TOBRUQ,32.08,23.98,Libya
AL BURAYQAH,30.42,19.6,Libya
MASAN,35.18,128.57,South Korea
MITSIWA HARBOR,15.62,39.47,Eritrea
MOULMEIN HARBOR,16.48,97.62,Myanmar
PAKHI OIL TERMINAL,37.97,23.38,Greece
PORT NADOR,35.28,-2.93,Morocco
MELILLI OIL TERMINAL,37.12,15.25,Italy
VACAMONTE,8.87,-79.67,Panama
MERS EL KEBIR,35.73,-0.7,Algeria
UMM SAID,24.92,51.57,Qatar
MIDWAY ISLAND,28.18,-177.37,Midway Island
MINA ASH SHUAYBAH,29.03,48.17,Kuwait
MINA AZ ZAWR,28.73,48.4,Kuwait
MINA AL AHMADI,29.07,48.17,Kuwait
ASH SHARIQAH,25.42,55.37,United Arab Emirates
AL MANAMAH,26.23,50.58,Bahrain
MINA AL FAHL,23.63,58.52,Oman
MISUMI KO,32.6,130.47,Japan
MISRATAH,32.37,15.22,Libya
MIZUSHIMA KO,34.5,133.75,Japan
MJIMWEMA TERMINAL,-6.82,39.37,Tanzania
CAYO MOA GRANDE,20.67,-74.9,Cuba
AL MUKHA,13.32,43.25,Yemen
MUQDISHO,2.03,45.35,Somalia
PUERTO MOIN,10.0,-83.08,Costa Rica
MO INLET,66.32,14.13,Norway
MUTUREZIMA KO,33.97,130.87,Japan
KILRUSH,52.63,-9.5,Ireland
ST NAZAIRE,47.28,-2.2,France
MARMAGAO,15.43,73.8,India
MOURILYAN HARBOUR,-17.6,146.13,Australia
MUARA HARBOR,5.03,115.07,Brunei
PORT HASTINGS,45.65,-61.4,Canada
MURORAN KO,42.35,140.97,Japan
MINA QABUS,23.63,58.58,Oman
UMM AN NAR,24.45,54.48,United Arab Emirates
NAGAPPATTINAM,10.77,79.85,India
NAGOYA KO,35.07,136.87,Japan
NAHA KO,26.22,127.68,Japan
NAMIKATA,34.12,132.9,Japan
NANAO KO,37.05,136.98,Japan
NAOETSU KO,37.18,138.25,Japan
NAPOLI,40.85,14.27,Italy
ULVIK,68.57,16.27,Norway
NASIPIT PORT,8.98,125.33,Philippines
YOKOHAMA KO,35.45,139.58,Japan
WEEHAWKEN,40.77,-74.02,United States
NEW MANGALORE,12.92,74.82,India
STAPLETON SI,40.63,-74.07,United States
CAT LAI,10.75,106.78,Vietnam
CROMARTY,57.68,-4.03,United Kingdom
EASTERN PART OF NIIGATA-KO,38.02,139.23,Japan
NIIGATA KO,37.92,139.05,Japan
MYKOLAYIV,46.95,31.98,Ukraine
N'KOSSA TERMINAL,-5.27,11.57,Republic of the Congo
PORT NORO,-8.22,157.18,Solomon Islands
NORTH PULAU LAUT COAL TERMINAL,-3.2,116.28,Indonesia
NOSHIRO KO,40.22,140.0,Japan
NUEVITAS BAY,21.55,-77.27,Cuba
NUKU ALOFA,-21.13,-175.2,Tonga
HAROYSUND,62.9,6.97,Norway
NYKOBING (FALSTER),54.77,11.87,Denmark
ODESA,46.48,30.73,Ukraine
ODUDU TERMINAL,4.0,7.77,Nigeria
SKAGEN HAVN,57.72,10.6,Denmark
VICTORIA HARBOR,48.43,-123.38,Canada
OGUENDJO TERMINAL,-1.47,8.92,Gabon
OITA KO,33.25,131.67,Japan
OKHOTSK IY REYD,59.37,143.2,Russia
OKONO TERMINAL,3.98,7.3,Nigeria
PORT OKTYABRSK,46.83,31.93,Ukraine
OLOWI MARINE TERMINAL,-3.13,10.22,Gabon
MIIKE KO,33.0,130.42,Japan
ONAHAMA KO,36.93,140.9,Japan
PORTO DI ORISTANO,39.87,8.55,Italy
STOCKVIK,62.33,17.38,Sweden
OOSTENDE,51.23,2.92,Belgium
OTARU KO,43.2,141.02,Japan
PORT OWENDO,0.28,9.5,Gabon
OWASE KO,34.07,136.22,Japan
TELUK BAYUR,-1.0,100.37,Indonesia
PAGO PAGO HARBOR,-14.28,-170.67,American Samoa
NANCHITAL,18.07,-94.42,Mexico
PALANCA TERMINAL,-6.95,12.4,Angola
PUNTA NIZAO OIL TERMINAL,18.2,-70.2,Dominican Republic
PORTO DI PALERMO,38.13,13.37,Italy
PALMA DE MALLORCA,39.57,2.63,Spain
LAS PIEDRAS,11.7,-70.22,Venezuela
PATRAI,38.25,21.73,Greece
PENNINGTON OIL TERMINAL,4.25,5.62,Nigeria
PORT OF ROUEN,49.45,1.07,France
COLES BAY OIL TERMINAL,18.02,-63.08,Sint Maarten
PORTOVECCHIO DI PIOMBINO,42.93,10.55,Italy
PIPAVAV BANDAR,20.92,71.52,India
YAKACIK,36.72,36.18,Turkey
PORT LAVACA,28.62,-96.62,United States
POINT LISAS INDUSTRIAL PORT,10.4,-61.5,Trinidad and Tobago
POINT MURAT,-21.82,114.18,Australia
POINTE NOIRE,50.17,-66.48,Canada
POINTE A PIERRE,10.32,-61.47,Trinidad and Tobago
POINT LISAS PORT,10.38,-61.48,Trinidad and Tobago
POINTE A PITRE,16.23,-61.53,Guadeloupe
PLAYA DE PONCE,17.98,-66.62,Puerto Rico
SARROCH OIL TERMINAL,39.08,9.03,Italy
POOLE HARBOUR,50.68,-1.95,United Kingdom
SAN FERNANDO HARBOR,16.62,120.32,Philippines
LA BAIE (PORT ALFRED),48.33,-70.88,Canada
PORT CARTIER,50.03,-66.78,Canada
PORT ELIZABETH,-33.97,25.62,South Africa
ELIZABETHPORT,40.65,-74.18,United States
PORT EST,-20.93,55.32,Réunion
AS SUWAYS,29.97,32.55,Egypt
PORT MANATEE,27.63,-82.57,United States
PORT METHANIER,36.88,6.95,Algeria
MUHAMAMAD BIN QASIM,24.77,67.35,Pakistan
PORT POLNOCHNY,54.4,18.72,Poland
PORT OF SOHAR,24.52,56.63,Oman
STANLEY,-51.7,-57.83,Falkland Islands
PORT AU PRINCE,18.55,-72.35,Haiti
PORTLAND HARBOUR,50.58,-2.43,United Kingdom
PORTO VESME,39.2,8.4,Italy
PRAIA DE VITORIA,38.72,-27.05,Portugal
PSVM TERMINAL,-6.25,10.73,Angola
VILLA CONSTITUCION,-33.3,-60.33,Argentina
POZOS COLORADOS,11.15,-74.25,Colombia
PUNTA LOBITOS (BAHIA DE HUARMEY),-10.1,-78.17,Peru
BAHIA QUINTERO (VENTANAS),-32.77,-71.53,Chile
TANJUNG ARANG  (BUNYU),3.47,117.83,Indonesia
PUNTA EUROPA TERMINAL,3.78,8.72,Equatorial Guinea
PUERTO GALLEGOS,-51.62,-68.97,Argentina
MUGGIA,45.6,13.77,Italy
PYEONGTAEK HANG,37.0,126.8,South Korea
QALHAT LNG TERMINAL,22.68,59.4,Oman
QUA IBOE OIL TERMINAL,4.23,8.03,Nigeria
QUEBEC,46.82,-71.22,Canada
RANGOON,16.77,96.17,Myanmar
RAS AL KHAFJI,28.43,48.58,Saudi Arabia
RAS BADRAN OIL TERMINAL,28.95,33.17,Egypt
RAS ISA MARINE TERMINAL,15.13,42.6,Yemen
RAS   LANUF,30.52,18.57,Libya
RAS SHUKHIER,28.13,33.28,Egypt
RAS  TANNURAH,26.63,50.17,Saudi Arabia
PORTO DI CORSINI,44.5,12.28,Italy
RAYONG TPI TERMINAL,12.63,101.3,Thailand
PORT OUEST,-20.93,55.28,Réunion
POINT RICHMOND,37.92,-122.37,United States
PUERTO DE HAINA,18.42,-70.02,Dominican Republic
ROAD HARBOR,18.42,-64.62,British Virgin Islands
RODBY HAVN,54.65,11.35,Denmark
MARE ISLAND,38.1,-122.27,United States
RONNE,55.1,14.7,Denmark
ENSENADA HONDA,18.23,-65.63,Puerto Rico
NEWBURGH,41.5,-74.0,United States
VADA,43.35,10.45,Italy
ROSSLARE,52.25,-6.33,Ireland
RUDUM TERMINAL,13.98,47.92,Yemen
RUMOI KO,43.95,141.63,Japan
BUR SAFAGA,26.73,33.95,Egypt
SAYDA,33.5,35.35,Lebanon
SAKAI-SENBOKU,34.55,135.43,Japan
SAKAIDE KO,34.33,133.85,Japan
SAKATA KO,38.93,139.82,Japan
PORT DE SALVADOR,-12.97,-38.52,Brazil
PUERTO SAN ANTONIO,-33.58,-71.62,Chile
PUERTO DE HENCAN,13.4,-87.45,Honduras
SINT NICOLAAS BAAI,12.43,-69.92,Aruba
BAHIA SAN NICOLAS,-15.25,-75.23,Peru
BAHIA SAN VICENTE,-36.73,-73.17,Chile
PELABUHAN SANDAKAN,5.83,118.12,Malaysia
SANDEFJORDEN,59.12,10.23,Norway
SIRACUSA,37.05,15.28,Italy
TANJUNG SANTAN,-0.1,117.53,Indonesia
SANTO THOMAS DE CASTILLA,15.7,-88.62,Guatemala
SAO FRANCISCO,-26.25,-48.63,Brazil
SAWAKIN HARBOR,19.13,37.35,Sudan
CARACASBAAI,12.07,-68.87,Curaçao
SCRABSTER HARBOR,58.62,-3.55,United Kingdom
SENDAI-SHIOGAMA,38.32,141.03,Japan
SEPT ILES,50.2,-66.38,Canada
SEVILLA,37.37,-6.0,Spain
MERSA SFAX,34.73,10.77,Tunisia
SHAN T OU,23.37,116.68,China
SHIBUSHI WAN,31.47,131.1,Japan
SHIMIZU KO,35.02,138.5,Japan
FUSHIKI-TOYAMA,36.77,137.13,Japan
SHOREHAM HARBOUR,50.82,-0.25,United Kingdom
MINA ABD ALLAH,29.02,48.17,Kuwait
SHUI DONG,21.48,111.08,China
SIDI KERIR (KURAYR),31.1,29.62,Egypt
SIMONSTOWN,-34.18,18.43,South Africa
JAZIREH-YE SIRRI,25.9,54.55,Iran
HORTEN,59.42,10.5,Norway
STORSTEILENE,59.82,10.6,Norway
SONDERBORG,54.92,9.78,Denmark
SONGKHLA HARBOR,7.22,100.58,Thailand
SOREL,46.05,-73.12,Canada
TG. SORONG,-0.88,131.23,Indonesia
SIRUS OIL TERMINAL,29.02,49.48,Iran
SOUDHA,35.48,24.18,Greece
SAINT HELIER HARBOUR,49.18,-2.12,Jersey
BAIE DU MARIGOT,18.07,-63.08,France
SAINT PETER PORT,49.45,-2.53,Guernsey
SANKT-PETERBURG,59.93,30.3,Russia
GULFHAVEN,55.2,11.27,Denmark
OBBOLA,63.7,20.33,Sweden
STURA,60.62,4.85,Norway
PORTO DE SUAPE,-8.4,-34.97,Brazil
SUNNDALSORA,62.68,8.55,Norway
SUNGAIGERONG,-2.98,104.83,Indonesia
SUNGAIPAKNING,1.35,102.17,Indonesia
PELABUHAN SUNGAI UDANG,2.25,102.13,Malaysia
SOUTHPORT,33.92,-78.02,United States
SUPSA MARINE TERMINAL,42.1,41.72,Georgia
SUSAKI KO,33.38,133.3,Japan
SUVA HARBOR,-18.13,178.42,Fiji
TAI-CHUNG KANG,24.3,120.5,Taiwan
TAN-SHUI,25.18,121.4,Taiwan
TIANJIN XIN GANG,38.97,117.83,China
UNO KO,34.48,133.95,Japan
DAGU TANGGU,38.97,117.67,China
LINGKAS,3.28,117.6,Indonesia
TG. MANI,2.15,111.35,Malaysia
TANTAWAN MARINE TERMINAL,10.08,101.42,Thailand
MINA TARABULUS (TRIPOLI),32.9,13.18,Libya
STAGEN,-3.3,116.15,Indonesia
TARTUS,34.9,35.87,Syria
TAWA,4.25,117.88,Malaysia
TROIS RIVIERES,46.35,-72.55,Canada
WAKAMATSU KO,33.9,130.82,Japan
TOKUYAMA,34.03,131.82,Japan
TOKYO KO,35.67,139.75,Japan
TOMAKOMAI KO,42.63,141.63,Japan
MIKAWA,34.72,137.3,Japan
TARABULUS,34.45,35.83,Lebanon
MUI VUNG TAU,10.32,107.07,Vietnam
TSUKUMI KO,33.08,131.87,Japan
TSURUGA KO,35.65,136.07,Japan
TUTICORIN,8.8,78.17,India
GOLCUK BURNU,40.73,29.82,Turkey
UBE KO,33.93,131.23,Japan
UDANG OILFIELD,4.03,106.48,Indonesia
UKPOKITI MARINE TERMINAL,5.72,4.83,Nigeria
UMEA HAMN,63.7,20.35,Sweden
HAYDARPASA,41.0,29.02,Turkey
REKA LUGA,59.67,28.32,Russia
BUKHTA VANINO,49.08,140.28,Russia
VILLAGARCIA DE AROSA,42.6,-8.77,Spain
VITAZ MARINE TERMINAL,52.7,143.55,Russia
VLORES,40.47,19.5,Albania
GAVAN VYSOTSK,60.62,28.57,Russia
WADI FEIRAN,28.75,33.2,Egypt
YAHATA,33.87,130.82,Japan
WAKAYAMA-SHIMOTSU KO,34.2,135.13,Japan
WARREN POINT,54.1,-6.25,United Kingdom
COBH,51.85,-8.3,Ireland
INDIANA HARBOR,41.67,-87.43,United States
WIDURI MARINE TERMINAL,-4.67,106.65,Indonesia
PUERTO YABUCOA,18.05,-65.83,Puerto Rico
YATSUSHIRO KO,32.5,130.53,Japan
YETAGUN MARINE TERMINAL,13.05,96.85,Myanmar
YOKOSUKA KO,35.28,139.67,Japan
YOMBO TERMINAL,-4.45,11.1,Republic of the Congo
YOSU,34.73,127.75,South Korea
YUZHNYY,46.6,31.02,Ukraine
ZAFARANA TERMINAL,29.17,32.68,Egypt
ZIRKUH PETROLEUM PORT,25.02,53.0,United Arab Emirates
ZEIT BAY TERMINAL,27.83,33.6,Egypt
ZEIT BAY LPG TERMINAL,27.8,33.57,Egypt
EAST ZEIT TERMINAL,27.85,33.6,Egypt
EZ ZUEITINA,30.85,20.05,Libya
KEFLAVIK,64.0,-22.55,Iceland
STRAUMSVIK,64.05,-22.05,Iceland
SKERJAFJORDUR,64.15,-22.02,Iceland
BILDUDALUR,65.68,-23.6,Iceland
THINGEYRI,65.88,-23.48,Iceland
BOLUNGAVIK,66.17,-23.23,Iceland
ISAFJORDUR,66.07,-23.12,Iceland
SAUDARKROKUR,65.75,-19.67,Iceland
SIGLUFJORHURD,66.15,-18.92,Iceland
DALVIK,65.98,-18.52,Iceland
AKUREYRI,65.68,-18.08,Iceland
HUSAVIK,66.03,-17.33,Iceland
SEYDHISFJORDHUR,65.27,-14.0,Iceland
NESKAUPSTADUR,65.15,-13.68,Iceland
ESKIFJORDHUR,65.07,-14.02,Iceland
BUDIR,64.93,-14.02,Iceland
HORNABJORDUR,64.25,-15.23,Iceland
VESTMANNAEYJAR,63.43,-20.28,Iceland
QUTDLEQ,61.52,-42.22,Greenland
KUSANARTOQ,61.77,-42.22,Greenland
NANORTALIK HAVN,60.12,-45.2,Greenland
NARSAQ,60.92,-46.05,Greenland
NARSARSSUAQ,61.15,-45.43,Greenland
PAAMUIT (FREDERIKSHAB),62.0,-49.67,Greenland
MANIITSOQ,65.42,-52.92,Greenland
ATTU,67.95,-53.73,Greenland
AASIAAT,68.7,-52.87,Greenland
QASIGIANNGUIT-CHRISTIANSHAB,68.82,-51.18,Greenland
ILLULISSAT (JAKOBSHAVN),69.22,-51.1,Greenland
QEQERTARSUAQ,69.23,-53.53,Greenland
KAJALLEQ UPERNAVIK,72.15,-55.53,Greenland
PITUFFIK (THULE AIR BASE),76.53,-68.87,Greenland
POND INLET,72.75,-76.75,Canada
PADLOPING ISLAND,67.03,-62.73,Canada
PANGNIRTUNG,66.13,-65.75,Canada
CATALINA HARBOR,48.5,-53.08,Canada
PORT UNION,48.5,-53.08,Canada
CLARENVILLE,48.15,-53.95,Canada
ARGENTIA,47.3,-53.98,Canada
PORT DE ST PIERRE,46.78,-56.17,Saint Pierre and Miquelon
PORT AUX BASQUES,47.57,-59.13,Canada
ST GEORGE'S,48.45,-58.45,Canada
BLANC SABLON,51.42,-57.13,Canada
HAVRE ST PIERRE,50.23,-63.6,Canada
MATANE,48.85,-67.53,Canada
RIMOUSKI,48.45,-68.52,Canada
CHICOUTIMI (PORT SAGUENAY),48.43,-71.07,Canada
RIVIERE DU LOUP,47.83,-69.52,Canada
PORT DE BECANCOUR,46.4,-72.38,Canada
VAUDREUIL,45.4,-74.03,Canada
OKA SUR LE LAC,45.47,-74.08,Canada
HUDSON,45.47,-74.13,Canada
ST PLACIDE,45.53,-74.2,Canada
ST ANDREWS EAST,45.57,-74.33,Canada
CARILLON,45.57,-74.37,Canada
CHUTE A BLONDEAU,45.58,-74.47,Canada
GRENVILLE,45.63,-74.6,Canada
HAWKESBURY,45.62,-74.62,Canada
FASSETT,45.65,-74.87,Canada
MONTEBELLO,45.65,-74.93,Canada
PAPINEAUVILLE,45.62,-75.02,Canada
THURSO,45.6,-75.23,Canada
ROCKLAND,45.55,-75.3,Canada
CUMBERLAND,45.52,-75.4,Canada
MASSON,45.53,-75.42,Canada
GATINEAU,45.48,-75.65,Canada
OTTAWA,45.43,-75.7,Canada
HULL,45.43,-75.7,Canada
COTEAU LANDING,45.25,-74.2,Canada
ST ZOTIQUE,45.25,-74.25,Canada
ST ANICET,45.13,-74.37,Canada
SOUTH LANCASTER,45.13,-74.5,Canada
CORNWALL,45.02,-74.73,Canada
CARDINAL,44.78,-75.38,Canada
LOWER LAKES TERMINAL,44.73,-75.47,Canada
BROCKVILLE,44.58,-75.67,Canada
ROCKPORT,44.38,-75.93,Canada
GANANOQUE,44.33,-76.17,Canada
WOLFE ISLAND,44.2,-76.43,Canada
OGDENSBURG,44.7,-75.5,United States
ALEXANDRIA BAY,44.33,-75.92,United States
CLAYTON,44.23,-76.05,United States
MILLHAVEN,44.2,-76.73,Canada
PICTON,44.02,-77.13,Canada
BELLEVILLE,44.15,-77.4,Canada
TRENTON,44.1,-77.57,Canada
COBOURG,43.95,-78.17,Canada
PORT HOPE,43.93,-78.28,Canada
PORT WHITBY,43.85,-78.93,Canada
PORT CREDIT,43.55,-79.58,Canada
CLARKSON,43.5,-79.6,Canada
OAKVILLE,43.43,-79.67,Canada
BRONTE,43.4,-79.72,Canada
PORT DALHOUSIE,43.22,-79.27,Canada
PORT WELLER,43.23,-79.22,Canada
WELLAND,43.0,-79.25,Canada
THOROLD,43.08,-79.72,Canada
ST CATHERINE,43.18,-79.28,Canada
NIAGARA,43.25,-79.07,Canada
QUEENSTON,43.17,-79.07,Canada
CHAUMONT,44.07,-76.13,United States
SACKETS HARBOR,43.95,-76.12,United States
SODUS BAY,43.27,-76.98,United States
ROCHESTER,43.27,-77.6,United States
YOUNGSTOWN,43.25,-79.05,United States
PORT COLBORNE,42.88,-79.25,Canada
PORT MAITLAND,42.85,-79.58,Canada
PORT DOVER,42.78,-80.2,Canada
PORT STANLEY,42.67,-81.2,Canada
RONDEAU,42.27,-81.9,Canada
PELEE I NORTH WHARF,41.82,-82.67,Canada
PELEE I WEST DOCK,41.77,-82.68,Canada
LEAMINGTON,42.03,-82.6,Canada
KINGSVILLE,42.02,-82.73,Canada
AMHERSTBURG,42.1,-83.1,Canada
WINDSOR,42.32,-83.03,Canada
TONAWANDA,43.03,-78.88,United States
DUNKIRK,42.48,-79.33,United States
ERIE,42.15,-80.1,United States
CONNEAUT,41.97,-80.55,United States
FAIRPORT,41.77,-81.3,United States
LORAIN,41.47,-82.18,United States
VERMILION,41.43,-82.37,United States
HURON,41.4,-82.55,United States
SANDUSKY,41.45,-82.72,United States
PORT CLINTON,41.52,-82.93,United States
PUT IN BAY,41.65,-82.82,United States
MONROE,41.88,-83.33,United States
TRENTON,42.13,-83.17,United States
WYANDOTTE,42.2,-83.15,United States
ROUGE RIVER,42.28,-83.12,United States
WALPOLE ISLAND,42.62,-82.52,Canada
SOMBRA,42.72,-82.48,Canada
COURTRIGHT,42.82,-82.47,Canada
POINT EDWARD,43.0,-82.42,Canada
GODERICH,43.75,-81.73,Canada
PORT ELGIN,44.43,-81.4,Canada
SOUTHAMPTON,44.5,-81.38,Canada
TOBERMORY,45.27,-81.67,Canada
LIONS HEAD,44.98,-81.25,Canada
WIARTON,44.75,-81.13,Canada
OWEN SOUND,44.58,-80.93,Canada
MEAFORD,44.62,-80.6,Canada
THORNBURY,44.57,-80.45,Canada
COLLINGWOOD,44.5,-80.23,Canada
PENETANGUISHENE,44.77,-79.93,Canada
MIDLAND,44.75,-79.92,Canada
TIFFIN,44.75,-79.85,Canada
PORT MCNICOLL,44.75,-79.8,Canada
VICTORIA HARBOUR,44.75,-79.82,Canada
WAUBAUSHENE,44.77,-79.72,Canada
PORT SEVERN,44.8,-79.72,Canada
DEPOT HARBOUR,45.32,-80.1,Canada
PARRY SOUND,45.33,-80.03,Canada
BYNG INLET,45.77,-80.57,Canada
KEY HARBOUR,45.88,-80.75,Canada
KILLARNEY,45.97,-81.52,Canada
MANITOWANING,45.75,-81.8,Canada
SHEGUIANDAH,45.9,-81.92,Canada
LITTLE CURRENT,45.98,-81.93,Canada
HONORA,45.87,-82.17,Canada
KAGAWONG,45.92,-82.25,Canada
GORE BAY,45.92,-82.47,Canada
MELDRUM BAY,45.93,-83.12,Canada
BLIND RIVER,46.18,-82.95,Canada
COCKBURN,45.95,-83.32,Canada
THESSALON,46.25,-83.57,Canada
BRUCE MINES,46.28,-83.78,Canada
HILTON,46.25,-83.88,Canada
DESBARATS,46.33,-83.92,Canada
RICHARDS LANDING,46.3,-84.03,Canada
SAULT STE MARIE,46.52,-84.35,Canada
ALGONAC,42.62,-82.52,United States
MARINE CITY,42.72,-82.5,United States
ST CLAIR,42.82,-82.48,United States
HARBOR BEACH,43.85,-82.65,United States
PORT HOPE,43.95,-82.7,United States
BAY CITY,43.6,-83.87,United States
SAGINAW,43.43,-83.93,United States
ALABASTER,44.18,-83.55,United States
TAWAS CITY,44.27,-83.5,United States
AU SABLE,44.4,-83.32,United States
OSCODA,44.42,-83.32,United States
ALPENA,45.07,-83.42,United States
ROCKPORT,45.2,-83.38,United States
CALCITE,45.42,-83.78,United States
ELIZABETH CITY,36.3,-76.22,United States
HERTFORD,36.18,-76.47,United States
EDENTON,36.05,-76.62,United States
PLYMOUTH,35.87,-76.75,United States
COLUMBIA,35.92,-76.25,United States
BELHAVEN,35.62,-76.62,United States
WASHINGTON,35.55,-77.05,United States
BAYBORO,35.15,-76.77,United States
NEW BERN,35.1,-77.05,United States
SWANSBORO,34.68,-77.13,United States
WRIGHTSVILLE,34.22,-77.82,United States
GEORGETOWN,33.37,-79.28,United States
PORT ROYAL,32.37,-80.68,United States
BEAUFORT,32.43,-80.67,United States
DARIEN,31.37,-81.43,United States
BRUNSWICK,31.15,-81.5,United States
FERNANDINA BEACH,30.68,-81.47,United States
MAYPORT,30.4,-81.43,United States
ST AUGUSTINE,29.9,-81.32,United States
CANAVERAL HARBOR,28.7,-80.62,United States
FORT PIERCE,27.47,-80.32,United States
TARPON SPRINGS,28.15,-82.77,United States
CARRABELLE,29.85,-84.67,United States
APALACHICOLA,29.72,-84.98,United States
PORT ST JOE,29.82,-85.32,United States
BILOXI,30.38,-88.88,United States
SLIDELL,30.27,-89.78,United States
MADISONVILLE,30.4,-90.15,United States
SOUTHWEST PASS,28.45,-90.7,United States
PORT OF MEMPHIS,35.07,-90.17,United States
TRI-CITY PORT,38.72,-90.2,United States
LOOP TERMINAL,28.88,-90.02,United States
GRAND ISLE,29.23,-90.0,United States
MORGAN CITY,29.7,-91.22,United States
HAYMARK TERMINAL,30.13,-93.32,United States
SABINE,29.72,-93.87,United States
ORANGE,30.08,-93.73,United States
PALACIOS,28.68,-96.22,United States
PORT OCONNOR,28.45,-96.4,United States
ROCKPORT,28.02,-97.05,United States
PORT ISABEL,26.08,-97.2,United States
MINATITLAN,17.9,-94.58,Mexico
DOS BOCAS TERMINAL,18.43,-93.22,Mexico
FRONTERA,18.53,-92.65,Mexico
CAMPECHE,19.85,-90.55,Mexico
PUERTO ESTE,16.08,-86.9,Honduras
LA CEIBA,15.78,-86.8,Honduras
COXEN HOLE,16.32,-86.55,Honduras
TRUJILLO,15.92,-85.95,Honduras
PUERTO CABEZAS,14.02,-83.38,Nicaragua
EL BLUFF,12.0,-83.7,Nicaragua
BLUEFIELDS,12.02,-83.75,Nicaragua
BOCAS DEL TORO,9.33,-82.23,Panama
IRELAND ISLAND,32.32,-64.83,Bermuda
CLIFTON PIER,25.0,-77.55,Bahamas
COCKBURN TOWN,24.05,-74.53,Bahamas
MATTHEW TOWN,20.95,-73.68,Bahamas
COCKBURN HARBOR,21.5,-71.53,Turks and Caicos Islands
CABANAS,23.0,-82.97,Cuba
CARDENAS,23.05,-81.2,Cuba
ISABELA DE SAGUA,22.95,-80.0,Cuba
MANATI,21.37,-76.82,Cuba
FELTON,20.73,-75.6,Cuba
NICARO,20.72,-75.55,Cuba
BAHIA DE SAGUA DE TANAMO,20.68,-75.33,Cuba
MEDIA LUNA,20.15,-77.43,Cuba
CEIBA HUECA,20.22,-77.32,Cuba
GUAYABAL,20.7,-77.62,Cuba
JUCARO,21.62,-78.85,Cuba
TUNAS DE ZAZA,21.63,-79.55,Cuba
CASILDA,21.75,-79.98,Cuba
NUEVA GERONA,21.92,-82.8,Cuba
CAYMAN BRAC,19.75,-79.75,Cayman Islands
LUCEA,18.45,-78.17,Jamaica
FALMOUTH,18.48,-77.65,Jamaica
SAVANNAH LA MAR,18.2,-78.13,Jamaica
JACMEL,18.23,-72.53,Haiti
MIRAGOANE,18.45,-73.08,Haiti
PETIT GOAVE,18.43,-72.87,Haiti
CAP HAITIEN,19.77,-72.2,Haiti
PEPILLO SALCEDO,19.7,-71.75,Dominican Republic
SANTA BARBARA DE SAMANA,19.2,-69.33,Dominican Republic
PUERTO BOTADO,19.2,-69.45,Dominican Republic
SANCHEZ,19.23,-69.62,Dominican Republic
LAS CALDERAS,18.22,-70.52,Dominican Republic
PUERTO VIEJO DE AZUA,18.35,-70.83,Dominican Republic
SANTA CRUZ DE BARAHONA,18.2,-71.08,Dominican Republic
CABO ROJO,17.92,-71.65,Dominican Republic
ARECIBO,18.48,-66.7,Puerto Rico
BAHIA DE FAJARDO,18.33,-65.63,Puerto Rico
PLAYA DE HUMACAO,18.17,-65.75,Puerto Rico
ARROYO,17.97,-66.07,Puerto Rico
PLAYA DE GUANICA,17.97,-66.92,Puerto Rico
CRUZ BAY,18.33,-64.8,U.S. Virgin Islands
FREDERIKSTED,17.72,-64.88,U.S. Virgin Islands
GUSTAVIA,17.9,-62.85,Guadeloupe
BASSE TERRE,16.0,-61.73,Guadeloupe
PORT LOUIS,16.42,-61.53,Guadeloupe
VIEUX FORT,13.72,-60.97,Saint Lucia
SCARBOROUGH,11.18,-60.73,Trinidad and Tobago
CHAGUARAMAS,10.68,-61.65,Trinidad and Tobago
ANSE TEMBLADORA,10.68,-61.58,Trinidad and Tobago
BRIGHTON,10.25,-61.63,Trinidad and Tobago
GOTO OIL TERMINAL,12.22,-68.38,"Bonaire, Sint Eustatius and Saba"
COVENAS OFFSHORE TERM.,9.5,-75.73,Colombia
EL TABIAZO,10.77,-71.53,Venezuela
PUERTO CHICHIRIVICHE,10.92,-68.27,Venezuela
VENTERMINALS,10.48,-68.03,Venezuela
PUERTO BORBURATA,10.48,-67.98,Venezuela
CATIA LA MAR,10.6,-67.02,Venezuela
EL GUAMACHE,10.9,-64.1,Venezuela
CARUPANO,10.7,-63.25,Venezuela
GUIRIA,10.57,-62.3,Venezuela
PUERTO DE HIERRO,10.63,-62.1,Venezuela
CIUDAD BOLIVAR,8.13,-63.55,Venezuela
NIEUW NICKERIE,5.95,-57.0,Suriname
MOENGO,5.63,-54.42,Suriname
DEGRAD DES CANNES,4.85,-52.27,French Guiana
CAMETA,-2.25,-49.5,Brazil
IQUITOS,-3.75,-73.23,Peru
TUTOIA,-2.78,-42.28,Brazil
CAMOCIM,-2.9,-40.83,Brazil
PORT DE ARACAJU,-10.92,-37.05,Brazil
PORTOCEL,-19.85,-40.05,Brazil
SANTA CLARA,-20.88,-51.37,Brazil
MACAE,-22.37,-41.77,Brazil
PORTO DO FORNO,-22.97,-42.02,Brazil
LAGUNA,-28.5,-48.78,Brazil
PELOTAS,-31.78,-52.33,Brazil
PUERTO SAUCE,-34.43,-57.45,Uruguay
COLONIA,-34.47,-57.85,Uruguay
PUERTO DE ASUNCION,-25.27,-57.68,Paraguay
PUERTO IBICUY,-33.75,-59.18,Argentina
CONCORDIA,-31.4,-58.03,Argentina
PUERTO NACIONAL,-38.8,-62.28,Argentina
PUERTO GALVAN,-38.78,-62.3,Argentina
SAN BLAS,-40.57,-62.23,Argentina
PUERTO MADRYN,-42.77,-65.03,Argentina
PUERTO DESEADO,-47.75,-65.9,Argentina
PUERTO SAN JULIAN,-49.32,-67.7,Argentina
PUERTO SANTA CRUZ,-50.02,-68.52,Argentina
SAN SEBASTIAN BAY,-53.17,-68.5,Argentina
RIO GRANDE,-53.78,-67.68,Argentina
USHUAIA,-54.82,-68.3,Argentina
PRINCE OLAV HARBOR,-54.03,-37.15,South Georgia and the South Sandwich Islands
STROMNESS HARBOR,-54.15,-36.7,South Georgia and the South Sandwich Islands
GRYTVIKEN,-54.27,-36.5,South Georgia and the South Sandwich Islands
PUERTO WILLIAMS,-54.93,-67.6,Chile
BAHIA AGUA FRESCA,-53.38,-70.97,Chile
PORT SAN JUAN DE LA JUAN,-53.63,-70.92,Chile
BAHIA HARRIS,-53.85,-70.45,Chile
PUERTO YARTOU,-53.88,-70.15,Chile
CALETA MINA ELENA,-52.68,-71.9,Chile
PUERTO NATALES,-51.72,-72.57,Chile
PUERTO CASTRO,-42.48,-73.77,Chile
PUERTO QUEMCHI,-42.15,-73.48,Chile
PUERTO DE CORRAL,-39.87,-73.43,Chile
BAHIA DE VALDIVIA,-39.8,-73.25,Chile
LOTA,-37.1,-73.15,Chile
PUERTO CALDERILLA,-27.08,-70.87,Chile
TALTAL,-25.4,-70.48,Chile
CALETA PATILLOS,-20.73,-70.2,Chile
BAHIA DE MATARANI,-17.0,-72.12,Peru
CONCHAN OIL TERMINAL,-12.17,-77.0,Peru
CHANCAY,-11.58,-77.25,Peru
PUERTO DE HUACHO,-11.12,-77.62,Peru
PUERTO SUPE,-10.8,-77.75,Peru
PIMENTAL,-6.83,-79.93,Peru
PAITA,-5.08,-81.12,Peru
CALETA LOBITOS,-4.45,-81.28,Peru
PUERTO CABO BLANCO,-4.25,-81.23,Peru
PEDREGAL,8.35,-82.43,Panama
GOLFITO,8.63,-83.17,Costa Rica
PUERTO QUEPOS,9.43,-84.17,Costa Rica
LA UNION,13.33,-87.83,El Salvador
ACAJUTLA OFFSHORE TERMINAL,13.58,-89.87,El Salvador
PUERTO MADERO,14.7,-92.45,Mexico
ACAPULCO,16.85,-99.93,Mexico
PUERTO VALLARTA,20.62,-105.27,Mexico
SANTA ROSALIA,27.33,-112.28,Mexico
ISLA SAN MARCOS,27.18,-112.1,Mexico
SAN JUAN DE LA COSTA,24.4,-110.7,Mexico
PUERTO MORRO REDONDO,28.05,-115.18,Mexico
WILSON COVE,33.0,-118.55,United States
ISTHMUS COVE,33.45,-118.5,United States
AVALON,33.35,-118.32,United States
NEWPORT BEACH,33.62,-117.9,United States
PRISONERS,34.02,-119.68,United States
VENTURA,34.28,-119.28,United States
CARPINTERIA,34.38,-119.52,United States
SANTA BARBARA,34.42,-119.68,United States
ELLWOOD,34.43,-119.92,United States
GAVIOTA,34.47,-120.2,United States
PISMO BEACH,35.13,-120.65,United States
PORT SAN LUIS,35.17,-120.75,United States
MORRO BAY,35.37,-120.85,United States
MONTEREY,36.62,-121.88,United States
MOSS LANDING,36.8,-121.78,United States
SANTA CRUZ,36.97,-122.02,United States
DAVENPORT,37.02,-122.2,United States
PRINCETOWN,37.5,-122.48,United States
YERBABUENA ISLAND,37.82,-122.37,United States
REDWOOD CITY,37.53,-122.2,United States
ALAMEDA,37.78,-122.27,United States
BERKELEY,37.87,-122.3,United States
POINT SAN PABLO,37.97,-122.43,United States
SAUSALITO,37.85,-122.48,United States
PINOLE POINT,38.02,-122.37,United States
PITTSBURG,38.03,-121.88,United States
ANTIOCH,38.02,-121.8,United States
RIO VISTA,38.15,-121.7,United States
ISLETON,38.17,-121.6,United States
WALNUT GROVE,38.23,-121.52,United States
COURTLAND,38.33,-121.57,United States
BODEGA BAY,38.33,-123.05,United States
FORT BRAGG,39.45,-123.82,United States
FIELDS LANDING,40.72,-124.22,United States
EUREKA,40.8,-124.18,United States
SAMOA,40.82,-124.18,United States
CRESCENT CITY,41.75,-124.2,United States
PORT ORFORD,42.73,-124.5,United States
BANDON,43.12,-124.42,United States
PROSPER,43.15,-124.37,United States
NORTH BEND,43.4,-124.22,United States
WINCHESTER BAY,43.68,-124.18,United States
GARDINER,43.72,-124.1,United States
REEDSPORT,43.7,-124.1,United States
FLORENCE,43.97,-124.12,United States
GLENADA,43.97,-124.12,United States
CUSHMAN,43.98,-124.07,United States
WALDPORT,44.43,-124.07,United States
NEWPORT,44.63,-124.05,United States
TOLEDO,44.62,-123.93,United States
DEPOE BAY,44.8,-124.07,United States
ILWACO,46.3,-124.05,United States
WARRENTON,46.17,-123.92,United States
ASTORIA,46.2,-123.83,United States
TONGUE POINT,46.2,-123.75,United States
WESTPORT,46.13,-123.38,United States
RAINIER,46.08,-122.93,United States
ST HELENS,45.87,-122.8,United States
CAMAS,45.58,-122.4,United States
WASHOUGAL,45.58,-122.35,United States
THE DALLES,45.6,-121.18,United States
NAHCOTTA,46.5,-124.03,United States
SOUTH BEND,46.67,-123.78,United States
RAYMOND,46.68,-123.73,United States
WILLAPA HARBOR,46.68,-123.75,United States
WESTHAVEN COVE,46.92,-124.12,United States
BAY CITY,46.87,-124.07,United States
ABERDEEN,46.98,-123.82,United States
HOQUIAM,46.97,-123.9,United States
LA PUSH,47.9,-124.63,United States
NEAH BAY,48.37,-124.62,United States
SEKIU,48.27,-124.3,United States
PORT TOWNSEND,48.12,-122.75,United States
GLEN COVE,48.08,-122.78,United States
HOODSPORT,47.42,-123.13,United States
PORT GAMBLE,47.85,-122.58,United States
POULSBO,47.73,-122.65,United States
KEYPORT,47.7,-122.62,United States
WINSLOW,47.62,-122.52,United States
CREOSOTE,47.62,-122.5,United States
FORT WARD,47.58,-122.52,United States
EAST BREMERTON,47.57,-122.62,United States
SILVERDALE,47.65,-122.7,United States
BREMERTON,47.57,-122.65,United States
PORT ORCHARD,47.53,-122.63,United States
QUARTERMASTER HARBOR,47.38,-122.47,United States
SHELTON,47.22,-123.1,United States
OLYMPIA,47.05,-122.9,United States
NISQUALLY HEAD,47.12,-122.75,United States
POINT WELLS,47.78,-122.4,United States
EDWARDS POINT,47.8,-122.4,United States
MUKILTEO,47.95,-122.3,United States
COUPEVILLE,48.23,-122.68,United States
RICHARDSON,48.45,-122.9,United States
FRIDAY HARBOR,48.53,-123.02,United States
ROCHE  HARBOR,48.62,-123.17,United States
ORCAS,48.6,-122.93,United States
BELLINGHAM,48.75,-122.5,United States
SEMIAHMOO,48.98,-122.77,United States
BLAINE,49.0,-122.75,United States
STEVESTON,49.13,-123.18,Canada
FRASER MILLS,49.22,-122.87,Canada
PORT COQUITLAM,49.27,-122.78,Canada
MISSION CITY,49.12,-122.25,Canada
SQUAMISH,49.68,-123.15,Canada
PORT MELLON,49.52,-123.48,Canada
WESTVIEW,49.83,-124.52,Canada
DUNCAN BAY,50.07,-125.28,Canada
CAMPBELL RIVER,50.02,-124.23,Canada
COMOX HARBOR,49.67,-124.92,Canada
NANOOSE HARBOR,49.27,-124.15,Canada
HARMAC,49.13,-123.85,Canada
CHEMAINUS,48.93,-123.72,Canada
CROFTON,48.87,-123.63,Canada
COWICHAN BAY,48.75,-123.62,Canada
GANGES,48.85,-123.48,Canada
LYALL HARBOR,48.8,-123.2,Canada
HOPE BAY,48.8,-123.28,Canada
SIDNEY,48.65,-123.38,Canada
BAMBERTON,48.55,-123.52,Canada
PORT SAN JUAN,48.55,-124.43,Canada
PORT ALBERNI,49.23,-124.82,Canada
UCLUELET,48.95,-125.55,Canada
CLAYOQUOT,49.15,-125.92,Canada
AHOUSAT,49.28,-126.07,Canada
GOLD RIVER,49.68,-126.12,Canada
TAHSIS,49.92,-126.67,Canada
BERGH COVE,50.53,-127.62,Canada
PORT ALICE,50.38,-127.45,Canada
COAL HARBOR,50.6,-127.58,Canada
PORT HARDY,50.72,-127.48,Canada
SOINTULA,50.63,-127.02,Canada
ALERT BAY,50.58,-126.93,Canada
PORT MCNEILL,50.58,-127.08,Canada
BELLA COOLA,52.37,-126.8,Canada
BELLA BELLA,52.17,-128.15,Canada
KLEMTU,52.6,-128.52,Canada
BUTEDALE,53.17,-128.68,Canada
KEMANO BAY,53.48,-128.13,Canada
PORPOISE HARBOR,54.22,-130.28,Canada
PORT SIMPSON,54.57,-130.43,Canada
STEWART,55.93,-130.0,Canada
MASSET HARBOR,54.02,-132.15,Canada
PORT CLEMENTS,53.68,-132.18,Canada
QUEEN CHARLOTTE,53.25,-132.08,Canada
ALLIFORD BAY,53.22,-131.98,Canada
HYDER,55.92,-130.0,United States
HIDDEN INLET,54.95,-130.33,United States
METLAKATLA,55.13,-131.57,United States
GEORGE INLET,55.38,-131.47,United States
KETCHIKAN,55.33,-131.65,United States
WARD COVE,55.4,-131.73,United States
KNUDSON COVE,55.47,-131.8,United States
LORING,55.6,-131.63,United States
YES BAY,55.92,-131.8,United States
UNION BAY,55.77,-132.22,United States
BURNETT INLET,56.07,-132.47,United States
WRANGELL,56.47,-132.38,United States
KASAAN,55.53,-132.4,United States
ROSE INLET,54.95,-132.97,United States
HYDABURG,55.2,-132.83,United States
WATERFALL,55.3,-133.23,United States
CRAIG,55.47,-133.15,United States
KLAWOCK,55.55,-133.1,United States
STEAMBOAT BAY,55.53,-133.63,United States
FISHERMANS HARBOR,55.97,-133.8,United States
KAKE,56.97,-133.93,United States
WASHINGTON BAY,56.73,-134.35,United States
BAY OF PILLARS,56.6,-134.23,United States
BIG PORT WALTER,56.38,-134.73,United States
LITTLE PORT WALTER,56.38,-134.63,United States
PORT ARMSTRONG,56.3,-134.67,United States
PORT CONCLUSION,56.25,-134.68,United States
PORT ALEXANDER,56.25,-134.65,United States
KIMSHAN COVE,57.68,-136.12,United States
PELICAN,57.97,-136.23,United States
ELFIN COVE,58.2,-136.35,United States
HOONAH,58.12,-135.45,United States
TENAKEE SPRINGS,57.78,-135.2,United States
CHATHAM,57.52,-134.93,United States
TODD,57.47,-135.05,United States
HOOD BAY,57.4,-134.5,United States
HAWK INLET,58.12,-134.75,United States
FUNTER,58.25,-134.9,United States
DUPONT,58.23,-134.27,United States
JUNEAU,58.3,-134.42,United States
PORT CHILKOOT,59.23,-135.43,United States
HAINES,59.23,-135.43,United States
TANANI POINT,59.28,-135.45,United States
LETNIKOF COVE,59.18,-135.4,United States
EXCURSION INLET,58.42,-135.45,United States
YAKUTAT,59.55,-139.73,United States
KATALLA,60.2,-144.53,United States
ORCA,60.58,-145.72,United States
SHEPARD POINT,60.63,-145.67,United States
SWANPORT,61.08,-146.4,United States
WHITTIER,60.83,-148.67,United States
CRAB BAY,60.07,-148.0,United States
PORT ASHTON,60.07,-148.05,United States
SAN JUAN CANNERY,60.05,-148.07,United States
LATOUCHE,60.05,-148.07,United States
PORT GRAHAM,59.35,-151.82,United States
SELDOVIA,59.43,-151.73,United States
HOMER,59.6,-151.42,United States
COAL POINT,59.6,-151.42,United States
NINILCHIK,60.05,-151.68,United States
SNUG HARBOR,60.1,-152.58,United States
OUZINKIE,57.92,-152.5,United States
WOMENS BAY,57.72,-152.52,United States
PORT HOBRON,57.17,-153.17,United States
MCCORD,57.15,-153.2,United States
THREE SAINTS BAY,57.12,-153.5,United States
TRAP POINT,57.0,-154.15,United States
LAZY BAY,56.9,-154.25,United States
KARLUK,57.57,-154.45,United States
UYAK,57.63,-154.0,United States
LARSEN BAY,57.53,-153.98,United States
PORT OBRIEN,57.73,-153.32,United States
DRY SPRUCE BAY,57.93,-153.03,United States
PORT VITA,58.07,-153.07,United States
BEAR ISLAND,58.45,-152.68,United States
HOGG ISLAND,58.47,-152.68,United States
PORT WILLIAM,58.48,-152.58,United States
KANATAK,57.57,-156.03,United States
CHIGNIK,56.3,-158.4,United States
IVANOF BAY,55.8,-159.47,United States
SAND POINT,55.33,-160.53,United States
BARALOF BAY,55.23,-160.53,United States
UNGA,55.18,-160.5,United States
BELKOFSKI,55.08,-162.03,United States
KING COVE,55.05,-162.32,United States
SANAK,54.48,-162.82,United States
AKUTAN HARBOR,54.13,-165.8,United States
CANNERY BAY,53.7,-166.75,United States
MAKUSHIN,53.77,-166.98,United States
DUTCH HARBOR,53.9,-166.53,United States
PALISADES POINT,52.23,-174.17,United States
CONSTANTINE HARBOR,51.4,179.3,United States
KISKA,51.97,177.55,United States
ALCAN HARBOR,52.73,174.07,United States
SKOOT COVE,52.72,174.07,United States
MASSACRE BAY,52.83,173.23,United States
VILLAGE COVE,57.13,-170.27,United States
PORT MOLLER,55.98,-160.57,United States
PORT HEIDEN,56.88,-158.7,United States
PILOT POINT,57.57,-157.6,United States
UGASHIK,57.53,-157.42,United States
EGEGIK,58.2,-157.37,United States
NAKNEK,58.72,-157.02,United States
KOGGIUNG,58.97,-156.92,United States
EKUK,58.82,-158.57,United States
CLARKS POINT,58.85,-158.55,United States
PLATINUM,59.02,-161.83,United States
BETHEL,60.82,-161.72,United States
NASH HARBOR,60.2,-166.98,United States
KWIGUK,62.73,-164.47,United States
KOTLIK,63.03,-163.55,United States
HAMILTON,62.9,-163.92,United States
UNALAKLEET,63.88,-160.78,United States
SOLOMON,64.55,-164.4,United States
GRANTLEY HARBOR,65.27,-166.33,United States
SAVOONGA,63.68,-170.4,United States
SHISHMAREF,66.25,-166.08,United States
DEERING,66.08,-162.73,United States
WAINWRIGHT,70.65,-160.0,United States
BARROW,71.28,-156.78,United States
PRUDHOE BAY,70.33,-148.42,United States
BERNARD HARBOR,70.13,-143.63,United States
TUKTOYAKTUK,69.45,-133.0,Canada
POLICE POINT,70.18,-124.75,Canada
PAULATUK,69.35,-124.08,Canada
PEARCE POINT,69.82,-122.75,Canada
TYSOE POINT,69.6,-120.75,Canada
SACHS HARBOR,71.97,-125.25,Canada
CAPE YOUNG,68.93,-116.93,Canada
BERNARD HARBOR,68.78,-114.77,Canada
LADY FRANKLIN POINT,68.48,-113.27,Canada
COPPERMINE,67.8,-115.05,Canada
CAMBRIDGE BAY,69.12,-105.07,Canada
RESOLUTE BAY,74.68,-95.9,Canada
BARENTSBURG,78.07,14.23,Svalbard
LONGYEARBYEN,78.2,15.7,Svalbard
NY ALESUND,78.92,11.95,Svalbard
VADSO,70.07,29.75,Norway
BATSFJORDEN,70.63,29.73,Norway
VARDO,70.37,31.12,Norway
BERLEVAG,70.87,29.1,Norway
KJOLLEFJORDEN,70.95,27.33,Norway
KVALSUND,70.5,23.98,Norway
SORVAER,70.63,21.98,Norway
BREDVIK,70.58,22.13,Norway
OKSFJORD,70.23,22.35,Norway
ALTA,69.97,23.25,Norway
TALVIK,70.05,22.97,Norway
GIBOSTAD,69.35,18.08,Norway
ROGERS CITY,45.45,-83.82,United States
MACKINAW CITY,45.78,-84.72,United States
MACKINAC ISLAND,45.85,-84.62,United States
ST IGNACE,45.85,-84.72,United States
SAULT STE MARIE,46.5,-84.35,United States
ST. JAMES HARBOR,45.73,-85.52,United States
HARBOR SPRINGS,45.43,-84.98,United States
PETOSKEY,45.37,-84.97,United States
CHARLEVOIX,45.32,-85.27,United States
LELAND,45.02,-85.77,United States
FRANKFORT,44.63,-86.25,United States
MANISTEE,44.25,-86.32,United States
LUDINGTON,43.95,-86.45,United States
WHITE LAKE,43.38,-86.35,United States
MUSKEGON,43.23,-86.27,United States
GRAND HAVEN,43.07,-86.23,United States
HOLLAND,42.78,-86.13,United States
SAUGATUCK,42.67,-86.2,United States
SOUTH HAVEN,42.4,-86.28,United States
ST JOSEPH,42.12,-86.48,United States
MICHIGAN CITY,41.73,-86.9,United States
GARY,41.62,-87.33,United States
BUFFINGTON,41.63,-87.42,United States
CALUMET HARBOR,41.73,-87.52,United States
WILMETTE,42.08,-87.68,United States
GREAT LAKES,42.3,-87.83,United States
WAUKEGAN,42.37,-87.82,United States
KENOSHA,42.58,-87.82,United States
RACINE,42.73,-87.78,United States
SHEBOYGAN,43.75,-87.7,United States
MANITOWOC,44.1,-87.65,United States
TWO RIVERS,44.15,-87.57,United States
KEWAUNEE,44.47,-87.5,United States
ALGOMA,44.6,-87.43,United States
STURGEON BAY,44.83,-87.38,United States
GREEN BAY,44.52,-88.02,United States
DEPERE,44.45,-88.07,United States
KAUKAUNA,44.28,-88.27,United States
OCONTO,44.9,-87.83,United States
MARINETTE,45.08,-87.6,United States
MENOMINEE,45.1,-87.6,United States
ESCANABA,45.77,-87.05,United States
GLADSTONE,45.85,-87.02,United States
NAHMA,45.83,-86.67,United States
MANISTIQUE,45.95,-86.25,United States
PORT INLAND,45.97,-85.87,United States
GOULAIS BAY,46.73,-84.5,Canada
BATCHAWANA BAY,46.92,-84.6,Canada
GARGANTUA,47.57,-84.97,Canada
MICHIPICOTEN,47.97,-84.9,Canada
QUEBEC HARBOUR,47.7,-85.8,Canada
HERON BAY,48.65,-86.32,Canada
GRAND MARAIS,46.68,-85.97,United States
MUNISING,46.42,-86.65,United States
PRESQUE ISLE,46.57,-87.38,United States
L ANSE,46.77,-88.47,United States
BARAGA,46.78,-88.48,United States
COPPER HARBOR,47.47,-87.87,United States
EAGLE HARBOR,47.47,-88.17,United States
HOUGHTON,47.12,-88.57,United States
ONTONAGON,46.88,-89.33,United States
ASHLAND,46.6,-90.87,United States
WASHBURN,46.67,-90.88,United States
BAYFIELD,46.8,-90.82,United States
LA POINTE,46.78,-90.78,United States
CORNUCOPIA,46.87,-91.1,United States
PORT WING,46.78,-91.38,United States
TWO HARBORS,47.02,-91.65,United States
GRAND MARAIS,47.75,-90.33,United States
WASHINGTON HARBOR,47.92,-89.15,United States
GASPE,48.83,-64.48,Canada
DOUGLASTOWN,48.77,-64.38,Canada
CARAQUET,47.8,-64.93,Canada
SHIPPEGAN,47.75,-64.7,Canada
GEORGETOWN,46.18,-62.53,Canada
SUMMERSIDE,46.4,-63.78,Canada
PICTOU,45.67,-62.72,Canada
FINNSNES,69.23,17.97,Norway
MEDBY,68.92,17.73,Norway
SJOVEGAN,68.88,17.83,Norway
ANDENES,69.33,16.13,Norway
SORTLAND,68.7,15.42,Norway
STOKKMARKNES,68.57,14.92,Norway
REINE,67.93,13.1,Norway
BALLSTAD,68.07,13.7,Norway
STAMSUND,68.12,13.85,Norway
HENNINGSVAER,68.15,14.22,Norway
SKROVA HAVN,68.17,14.67,Norway
BRETTESNES,68.23,14.85,Norway
LILANDSGRUNNEN,68.48,16.88,Norway
LITLE BALLANGEN,68.33,16.85,Norway
DRAG,68.05,16.08,Norway
KORSNES,68.25,16.07,Norway
TRANOY,68.18,15.67,Norway
KJERRINGOY,67.52,14.77,Norway
LAKSELV,67.37,15.6,Norway
FAUSKE,67.25,15.37,Norway
ROGNAN,67.1,15.42,Norway
ORNES,66.87,13.72,Norway
SANDNESSJOEN,66.02,12.63,Norway
MOSJOEN,65.83,13.2,Norway
TJOTTA,65.83,12.43,Norway
BRONNOYSUND,65.47,12.2,Norway
BERG,65.37,12.2,Norway
RORVIK,64.87,11.25,Norway
SALSBRUKET,64.8,11.87,Norway
MALM,64.07,11.23,Norway
STEINKJER,64.02,11.5,Norway
DJUPVIKEN,63.78,11.45,Norway
LEVANGER,63.75,11.3,Norway
LANGSTEIN,63.53,10.9,Norway
MURUVIK,63.43,10.85,Norway
HOMMELVIK,63.42,10.8,Norway
THAMSHAMM,63.32,9.88,Norway
BUD,62.9,6.92,Norway
MOLDE,62.73,7.17,Norway
ANDALSNES,62.57,7.68,Norway
HAREID,62.37,6.03,Norway
MOLDTUSTRANDA,62.3,5.65,Norway
ORSTAV,62.2,6.13,Norway
ARDALSTANGEN,61.23,7.72,Norway
VAKSDAL,60.48,5.73,Norway
STRANDVIK,60.17,5.67,Norway
NORHEIMSUND,60.37,6.15,Norway
MELING,59.78,5.12,Norway
MOSTERHAMN,59.7,5.4,Norway
SAGVAG,59.77,5.38,Norway
LEIRVIK,59.78,5.5,Norway
HUSNES,59.87,5.77,Norway
ESPEVAER,59.58,5.15,Norway
SAUDA,59.65,6.35,Norway
AKRAHAMN,59.27,5.18,Norway
SANDNES,58.85,5.75,Norway
SKUDENESHAVN,59.15,5.27,Norway
REKEFJORD,58.33,6.27,Norway
KIRKEHAMN,58.23,6.53,Norway
FLEKKEFJORDEN,58.3,6.67,Norway
FARSUND,58.08,6.82,Norway
STUSVIK,58.0,7.03,Norway
TVEDESTRAND,58.62,8.93,Norway
RISOR,58.72,9.23,Norway
KRAGERO,58.87,9.42,Norway
WHYCOCOMAGH,45.97,-61.13,Canada
GRAND NARROWS,45.95,-60.78,Canada
LITTLE BRAS D OR,46.25,-60.3,Canada
NORTH SYDNEY,46.22,-60.25,Canada
LOUISBURG,45.92,-59.97,Canada
GOLDSBORO,45.18,-61.65,Canada
STORMONT,45.22,-61.72,Canada
SONORA,45.07,-61.92,Canada
MUSQUODOBOIT HARBOUR,44.78,-63.15,Canada
LIVERPOOL (BROOKLYN),44.03,-64.65,Canada
DIGBY,44.62,-65.77,Canada
WINDSOR,45.0,-64.15,Canada
LUBEC,44.87,-66.98,United States
MACHIASPORT,44.7,-67.4,United States
MACHIAS,44.72,-67.47,United States
JONESPORT,44.53,-67.62,United States
WYMAN,44.52,-67.87,United States
MILBRIDGE,44.53,-67.88,United States
COREA,44.4,-67.97,United States
WINTER HARBOR,44.38,-68.08,United States
SORRENTO,44.47,-68.18,United States
BAR HARBOR,44.38,-68.2,United States
NORTHEAST HARBOR,44.3,-68.28,United States
SOUTHWEST HARBOR,44.28,-68.32,United States
MOUNT DESERT,44.37,-68.33,United States
FRENCHBORO,44.12,-68.37,United States
MINTURN,44.15,-68.45,United States
SWANS ISLAND,44.13,-68.45,United States
BASS HARBOR,44.23,-68.35,United States
ELLSWORTH,44.55,-68.42,United States
BROOKLIN,44.27,-68.58,United States
BUCKS HARBOR,44.33,-68.73,United States
STONINGTON,44.15,-68.67,United States
CRIEHAVEN,43.83,-68.88,United States
MATINICUS,43.87,-68.88,United States
VINALHAVEN,44.05,-68.83,United States
NORTH HAVEN,44.13,-68.87,United States
CASTINE,44.38,-68.73,United States
SANDYPOINT,44.52,-68.82,United States
WINTERPORT,44.63,-68.85,United States
BANGOR,44.8,-68.77,United States
BELFAST,44.42,-69.0,United States
CAMDEN,44.22,-69.07,United States
ROCKPORT,44.18,-69.07,United States
ROCKLAND,44.1,-69.1,United States
MONHEGAN,43.77,-69.32,United States
PORT CLYDE,43.92,-69.25,United States
THOMASTON,44.07,-69.18,United States
FRIENDSHIP,43.97,-69.33,United States
NEW HARBOR,43.87,-69.48,United States
PEMAQUID BEACH,43.87,-69.53,United States
SOUTH BRISTOL,43.87,-69.55,United States
BOOTHBAY HARBOR,43.87,-69.58,United States
ROBINHOOD,43.85,-69.73,United States
BATH,43.92,-69.82,United States
GARDINER,44.23,-69.77,United States
AUGUSTA,44.32,-69.77,United States
CUNDY HARBOR,43.78,-69.9,United States
SOUTH HARPSWELL,43.73,-70.02,United States
SACO,43.5,-70.45,United States
KENNEBUNKPORT,43.37,-70.47,United States
NEWBURYPORT,42.82,-70.87,United States
ROCKPORT,42.67,-70.62,United States
GLOUCESTER,42.6,-70.67,United States
BEVERLY,42.53,-70.88,United States
MARBLEHEAD,42.5,-70.85,United States
LYNN,42.45,-70.95,United States
QUINCY,42.25,-70.97,United States
SCITUATE,42.2,-70.72,United States
PLYMOUTH,41.95,-70.67,United States
PROVINCETOWN,42.05,-70.18,United States
HYANNIS,41.65,-70.28,United States
HYANNIS PORT,41.63,-70.3,United States
FALMOUTH,41.55,-70.62,United States
NANTUCKET,41.28,-70.1,United States
EDGARTOWN,41.38,-70.5,United States
VINEYARD HAVEN,41.45,-70.6,United States
WOODS HOLE,41.52,-70.67,United States
NEWPORT,41.5,-71.33,United States
SVELVIK,59.62,10.4,Norway
DROBAK,59.67,10.65,Norway
TOFTE,59.55,10.57,Norway
KAMBO,59.47,10.68,Norway
SARPSBORG,59.27,11.1,Norway
STROMSTAD,58.93,11.17,Sweden
GREBBESTAD,58.68,11.27,Sweden
FJALLBACKA,58.6,11.28,Sweden
BOVALLSTRAND,58.48,11.33,Sweden
HUNNEBOSTRAND,58.43,11.3,Sweden
MARSTRAND,57.88,11.58,Sweden
HOGANAS,56.2,12.55,Sweden
SIMRISHAMN,55.55,14.37,Sweden
RONNEBY,56.18,15.3,Sweden
BERGKVARA,56.38,16.1,Sweden
STORA JATTERSON,57.1,16.57,Sweden
FIGEHOLM,57.37,16.5,Sweden
DEGERHAMN,56.35,16.42,Sweden
RONEHAMN,57.12,18.5,Sweden
FAROSUND,57.92,19.05,Sweden
STORUGNS,57.83,18.8,Sweden
KLINTEHAMN,57.38,18.2,Sweden
VERKEBACK,57.73,16.53,Sweden
NYKOPING,58.75,17.02,Sweden
GUSTAVSBERG,59.32,18.38,Sweden
SANDHAMN,59.28,18.92,Sweden
GRISSLEHAMN,60.1,18.82,Sweden
HARGSHAMN,60.18,18.45,Sweden
NORRSUNDET,60.93,17.17,Sweden
VALLVIK,61.18,17.17,Sweden
IGGESUND,61.65,17.08,Sweden
STOCKA,61.9,17.35,Sweden
VIVSTAVARV,62.48,17.35,Sweden
GUSTAVSVIK,62.83,17.88,Sweden
LUNDE,62.88,17.88,Sweden
KRAMFORS,62.93,17.8,Sweden
BOLLSTABRUK,63.0,17.7,Sweden
KOPMANHOLMEN,63.17,18.58,Sweden
RUNDVIK,63.53,19.45,Sweden
NORDMALING,63.57,19.48,Sweden
GUMBODAHAMN,64.23,21.1,Sweden
KAGEHAMN,64.83,21.03,Sweden
BRANNFORS,65.02,21.38,Sweden
TOREHAMN,65.9,22.65,Sweden
SANDVIK,65.73,23.77,Sweden
TORNIO,65.77,24.17,Finland
VEITSILUOTO,65.7,24.62,Finland
RAHJA,64.2,23.73,Finland
HIMANKA,64.0,23.65,Finland
NYKARLEBY,63.52,22.53,Finland
KANTLAX,63.42,22.28,Finland
HELLNAS,63.28,22.23,Finland
TOLKKINEN,60.03,25.58,Finland
SIGNILSKAR,60.2,19.33,Finland
PARGAS,60.28,22.07,Finland
EKENAS,59.98,23.43,Finland
JUSSARO,59.83,23.57,Finland
PORKKALA,60.08,24.38,Finland
LOVIISA,60.45,26.23,Finland
OSMUSSAAR,59.3,23.37,Estonia
SALACGRIVA,57.7,24.37,Latvia
LIELUPE,57.0,23.43,Latvia
NOWY PORT,54.42,18.67,Poland
USTKA,54.58,16.85,Poland
DARLOWO,54.43,16.42,Poland
KOLOBRZEG,54.22,15.55,Poland
WOLGAST,54.05,13.78,Germany
SASSNITZ,54.52,13.65,Germany
LUBECK-TRAVEMUNDE,53.97,10.88,Germany
NEUSTADT,54.1,10.82,Germany
ORTH,54.45,11.05,Germany
HEILIGENHAFEN,54.37,10.98,Germany
KAPPELN,54.67,9.93,Germany
NEKSO,55.07,15.13,Denmark
HASLE,55.18,14.7,Denmark
CHRISTIANSO HARBOR,55.32,15.18,Denmark
FAKSE LADEPLADS HAVN,55.22,12.17,Denmark
HUNDESTED,55.97,11.85,Denmark
FREDERIKSVAERK,55.97,12.02,Denmark
FREDERIKSSUND,55.83,12.05,Denmark
KYNDBYVAERKETS HAVN,55.82,11.88,Denmark
HOLBAEK,55.72,11.72,Denmark
NYKOBING (MOR),56.77,11.87,Denmark
SKAELSKOR,55.25,11.3,Denmark
NAESTVED,55.23,11.75,Denmark
VORDINGBORG,55.0,11.9,Denmark
STUBBEKOBING,54.88,12.05,Denmark
STEGE,54.98,12.28,Denmark
SAKSKOBING,54.8,11.63,Denmark
BANDHOLM,54.83,11.5,Denmark
NYSTED,54.67,11.73,Denmark
RUDKOBING,54.95,10.72,Denmark
MARSTAL,54.92,10.33,Denmark
AEROSKOBING,54.88,10.42,Denmark
SVENDBORG,55.07,10.62,Denmark
KERTEMINDE,55.45,10.67,Denmark
AUGUSTENBORG,54.95,9.87,Denmark
HADERSLEV,55.25,9.5,Denmark
HADSUND,56.72,10.12,Denmark
MARIAGER,56.65,9.98,Denmark
HOBRO,56.63,9.8,Denmark
HALS,56.98,10.32,Denmark
THISTED,56.95,8.7,Denmark
LEMVIG,56.58,8.28,Denmark
HOLSTEBRO-STUER,56.5,8.58,Denmark
RINGKOBING,56.08,8.25,Denmark
HUSUM,54.48,9.05,Germany
BUSUM,54.13,8.87,Germany
ITZEHOE,53.92,9.52,Germany
RENDSBURG,54.3,9.68,Germany
NEUHAUS,53.8,9.03,Germany
GLUCKSTADT,53.78,9.42,Germany
ELSFLETH,53.23,8.47,Germany
OLDENBURG,53.12,8.22,Germany
LEER,53.23,7.45,Germany
PAPENBURG,53.1,7.38,Germany
ZAANDAM,52.43,4.83,Netherlands
HANSWEERT,51.45,4.0,Netherlands
BRUXELLES,50.87,4.35,Belgium
NIEUWPOORT,51.13,2.75,Belgium
WHITSTABLE,51.37,1.03,United Kingdom
WISBECH,52.67,0.15,United Kingdom
HOWDENDYKE,53.73,-0.88,United Kingdom
GOOLE,53.7,-0.83,United Kingdom
BRIDLINGTON,54.08,-0.18,United Kingdom
SCARBOROUGH,54.28,-0.4,United Kingdom
WHITBY,54.48,-0.62,United Kingdom
SEAHAM,54.83,-1.32,United Kingdom
WARKWORTH HARBOUR,55.33,-1.58,United Kingdom
BERWICK-UPON-TWEED,55.77,-2.0,United Kingdom
EYEMOUTH,55.87,-2.08,United Kingdom
DUNBAR,56.0,-2.52,United Kingdom
GRANTON,55.98,-3.22,United Kingdom
BURNTISLAND,56.05,-3.23,United Kingdom
METHIL,56.18,-3.0,United Kingdom
PERTH,56.4,-3.45,United Kingdom
FRASERBURGH HARBOR,57.68,-2.0,United Kingdom
MACDUFF,57.67,-2.5,United Kingdom
BUCKIE HARBOR,57.68,-2.97,United Kingdom
LOSSIEMOUTH,57.72,-3.28,United Kingdom
BURGHEAD,57.7,-3.5,United Kingdom
PORTMAHOMACK HARBOR,57.83,-3.83,United Kingdom
HELMSDALE HARBOR,58.12,-3.65,United Kingdom
WICK,58.43,-3.08,United Kingdom
PIEROWALL,59.3,-2.98,United Kingdom
KETTLETOFT,59.23,-2.6,United Kingdom
WHITEHALL,59.13,-2.6,United Kingdom
STROMNESS,58.97,-3.3,United Kingdom
SCALLOWAY,60.13,-1.28,United Kingdom
VAGUR,61.48,-6.8,Faroe Islands
TVOROYRI,61.55,-6.8,Faroe Islands
KONGSHAVN,62.12,-6.73,Faroe Islands
RUNAVIK,62.12,-6.72,Faroe Islands
VESTMANNA,62.15,-7.17,Faroe Islands
SORVAGUR,62.08,-7.25,Faroe Islands
FUGLAFJORDUR,62.25,-6.8,Faroe Islands
KLAKSVIK,62.23,-6.58,Faroe Islands
ULLAPOOL,57.9,-5.15,United Kingdom
GAIRLOCH,57.72,-5.68,United Kingdom
PLOCKTON,57.33,-5.65,United Kingdom
KYLE OF LOCHALSH,57.28,-5.72,United Kingdom
KYLEAKIN,57.27,-5.73,United Kingdom
BROADFORD BAY,57.25,-5.88,United Kingdom
PORTREE HARBOR,57.42,-6.2,United Kingdom
UIG,57.58,-6.35,United Kingdom
LOCHMADDY,57.6,-7.17,United Kingdom
LOCHBOISDALE,57.15,-7.3,United Kingdom
TARBERT,57.9,-6.82,United Kingdom
ORNSAY,57.15,-5.8,United Kingdom
MALLAIG,57.0,-5.82,United Kingdom
TOBERMORY,56.62,-6.07,United Kingdom
KILKEEL,54.05,-5.98,United Kingdom
LOCHALINE,56.55,-5.77,United Kingdom
CRAIGNURE,56.47,-5.7,United Kingdom
OBAN,56.42,-5.47,United Kingdom
PORT ELLEN,55.63,-6.2,United Kingdom
CRINAN (CANAL),56.08,-5.57,United Kingdom
ARDRISHAIG,56.02,-5.45,United Kingdom
BOWLING,55.93,-4.48,United Kingdom
OLD KILPATRICK,55.92,-4.47,United Kingdom
ROTHESAY DOCK,55.9,-4.4,United Kingdom
RENFREW,55.88,-4.38,United Kingdom
LARGS,55.8,-4.87,United Kingdom
ARDROSSAN,55.65,-4.82,United Kingdom
TROON,55.55,-4.68,United Kingdom
AYR,55.47,-4.63,United Kingdom
STRANRAER,54.9,-5.03,United Kingdom
BANGOR,54.65,-5.67,United Kingdom
DOUGLAS,54.15,-4.47,Isle of Man
RAMSEY,54.32,-4.37,Isle of Man
ARDGLASS,54.27,-5.62,United Kingdom
COLERAINE,55.13,-6.67,United Kingdom
RATHMULLAN,55.1,-7.53,Ireland
SLIGO,54.27,-8.47,Ireland
LANCASTER,54.05,-2.78,United Kingdom
WESTPORT,53.8,-9.53,Ireland
FENIT,52.27,-9.87,Ireland
CASTLETOWN BEARHAVEN,51.65,-9.92,Ireland
VALENTIA,51.93,-10.3,Ireland
NEW ROSS,52.38,-6.95,Ireland
SILLOTH,54.87,-3.4,United Kingdom
WORKINGTON,54.57,-3.63,United Kingdom
BARROW IN FURNESS,54.12,-3.23,United Kingdom
HEYSHAM,54.03,-2.92,United Kingdom
LIVERPOOL BAY TERMINAL,53.53,-3.55,United Kingdom
FLEETWOOD,53.92,-3.02,United Kingdom
CAERNARVON,53.15,-4.27,United Kingdom
FISHGUARD,52.02,-4.98,United Kingdom
SHARPNESS,51.72,-2.48,United Kingdom
BRIDGWATER,51.13,-3.0,United Kingdom
WATCHET HARBOR,51.18,-3.33,United Kingdom
BIDEFORD,51.03,-4.2,United Kingdom
PADSTOW,50.55,-4.93,United Kingdom
HAYLE,50.18,-5.42,United Kingdom
ST. MARY'S (SCILLY ISL.),49.92,-6.32,United Kingdom
NEWLYN,50.1,-5.55,United Kingdom
PENZANCE,50.12,-5.53,United Kingdom
MEVAGISSEY,50.27,-4.78,United Kingdom
CHARLESTOWN,50.33,-4.75,United Kingdom
DARTMOUTH HARBOUR,50.35,-3.62,United Kingdom
BRIXHAM HARBOUR,50.4,-3.52,United Kingdom
TORQUAY HARBOUR,50.47,-3.53,United Kingdom
BRIDPORT HARBOUR,50.72,-2.77,United Kingdom
WEYMOUTH HARBOUR,50.62,-2.45,United Kingdom
YARMOUTH HARBOUR,50.7,-1.5,United Kingdom
LITTLEHAMPTON HARBOUR,50.78,-0.53,United Kingdom
NEWHAVEN HARBOUR,50.78,0.05,United Kingdom
RYE HARBOUR,50.93,0.77,United Kingdom
FOLKESTONE HARBOUR,51.08,1.2,United Kingdom
DUNKERQUE PORT EST,51.05,2.38,France
SAINT-VALERY-SUR-SOMME,50.18,1.62,France
LE TREPORT,50.07,1.37,France
DIEPPE,49.93,1.08,France
FECAMP,49.77,0.37,France
DEAUVILLE,49.37,0.08,France
OUISTREHAM,49.28,-0.25,France
ALDERNEY HARBOUR,49.73,-2.2,Guernsey
SAINT SAMPSON,49.48,-2.52,Guernsey
GRANVILLE,48.83,-1.6,France
LE LEGUE,48.53,-2.75,France
PAIMPOL,48.78,-3.05,France
PONTRIEUX,48.7,-3.15,France
TREGUIER,48.78,-3.23,France
MORLAIX,48.58,-3.83,France
PORT DE ROSCOFF-BLOSCON,48.73,-3.98,France
CONCARNEAU,47.87,-3.92,France
LES SABLES D' OLONNE,46.5,-1.8,France
TONNAY CHARENTE,45.93,-0.9,France
BLAYE,45.13,-0.67,France
BERMEO,43.42,-2.72,Spain
RIBADEO,43.53,-7.03,Spain
FIGUEIRA DA FOZ,40.15,-8.85,Portugal
LAGOS,37.1,-8.62,Portugal
FARO,37.03,-7.93,Portugal
VILA REAL DE S ANTONIO,37.18,-7.4,Portugal
LAJES,38.4,-28.27,Portugal
SANTA CRUZ DE LA PALMA,28.68,-17.75,Spain
ADRA,36.73,-3.03,Spain
AGUILAS,37.4,-1.57,Spain
HORNILLO,37.4,-1.55,Spain
ISLAS HORMIGAS,37.65,-0.65,Spain
TORREVIEJA,37.97,-0.68,Spain
PUERTO DE GANDIA,39.0,-0.15,Spain
VILLANUEVA Y GELTRU,41.23,1.73,Spain
SAN FELIU DE GUIXOLS,41.78,3.03,Spain
PALAMOS,41.83,3.12,Spain
LAS HORMIGAS,41.87,3.18,Spain
ROSAS,42.27,3.18,Spain
PORT-VENDRES,42.52,3.12,France
SAINT-TROPEZ,43.27,6.63,France
SAINT-RAPHAEL,43.42,6.77,France
CANNES,43.55,7.02,France
ANTIBES,43.58,7.13,France
VILLEFRANCHE,43.7,7.32,France
MONACO,43.73,7.42,Monaco
PORTO VECCHIO,41.58,9.28,France
PORT DE PROPRIANO,41.68,8.9,France
CALVI,42.57,8.75,France
L'ILE ROUSSE,42.63,8.93,France
LA MADDALENA,41.2,9.42,Italy
ARBATAX,39.93,9.7,Italy
PORTO PONTE ROMANO,39.05,8.47,Italy
CARLOFORTE,39.15,8.32,Italy
SAN REMO,43.82,7.78,Italy
IMPERIA,43.88,8.03,Italy
PORTOFERRAIO,42.82,10.33,Italy
ANZIO,41.45,12.63,Italy
POZZUOLI,40.82,14.12,Italy
BAGNOLI,40.82,14.17,Italy
TORRE ANNUNZIATA,40.75,14.45,Italy
CASTELLAMMARE DI STABIA,40.7,14.48,Italy
VIBO VALENTIA MARINA,38.72,16.13,Italy
REGGIO DI CALABRIA,38.12,15.65,Italy
MARSALA,37.78,12.43,Italy
MAZARA DEL VALLO,37.65,12.58,Italy
LICATA,37.1,13.93,Italy
LIPARI,38.48,14.97,Italy
GALLIPOLI,40.05,17.98,Italy
TORRE DEL GRECO,40.78,14.37,Italy
MONOPOLI,40.95,17.3,Italy
MOLFETTA,41.22,16.6,Italy
PORTO DI BARLETTA,41.32,16.28,Italy
VASTO,42.12,14.72,Italy
PESCARA,42.47,14.22,Italy
PORTO DI LIDO-VENEZIA,45.42,12.43,Italy
PIRAN,45.53,13.57,Slovenia
UMAG,45.43,13.52,Croatia
ROVINJ,45.08,13.63,Croatia
ZALIV RASA,45.05,14.07,Croatia
BRSICA,45.03,14.05,Croatia
SENJ,44.98,14.9,Croatia
SIBENIK,43.73,15.88,Croatia
NEUM,42.92,17.6,Bosnia and Herzegovina
KORCULA,42.93,17.13,Croatia
RISAN,42.52,18.7,Montenegro
KOTOR,42.42,18.77,Montenegro
TIVAT,42.43,18.7,Montenegro
SHENGJIN,41.82,19.6,Albania
KERKIRA,39.62,19.93,Greece
PREVEZA,38.95,20.75,Greece
ARGOSTOLION,38.18,20.52,Greece
MESOLONGION,38.37,21.42,Greece
ITEA,38.43,22.42,Greece
AIGIO,38.25,22.08,Greece
KATAKOLON,37.65,21.32,Greece
PILOS,36.9,21.67,Greece
KALAMATA,37.02,22.12,Greece
YITHION,36.75,22.57,Greece
NAVPLIO,37.57,22.8,Greece
SPETSES,37.27,23.17,Greece
ORMOS MIKRO VATHI,38.43,23.6,Greece
DHIAVLOS STENO,38.45,23.6,Greece
ASTAKOS,38.48,21.1,Greece
LARIMNA,38.57,23.28,Greece
KYMASSI,38.83,23.47,Greece
ACHLADI,38.9,22.82,Greece
TSINGELI,39.17,22.85,Greece
YERAKINI,40.27,23.47,Greece
STRATONI,40.52,23.83,Greece
LAGOS,41.0,25.13,Greece
MITILINI,39.1,26.57,Greece
PLOMARION,38.98,26.37,Greece
VRAKHONISIS KALLONIS,39.08,26.08,Greece
NEON KARLOVAS,37.8,26.68,Greece
SAMOS,37.75,26.97,Greece
PITHAGORION,37.68,26.95,Greece
GAVRIO,37.88,24.73,Greece
ANDROS,37.83,24.95,Greece
MIKONOS,37.45,25.33,Greece
LIMIN SIROU,37.43,24.95,Greece
NISOS NAXOS,37.1,25.37,Greece
AKRA KAVONISI,35.52,23.63,Greece
RETHIMNON,35.37,24.47,Greece
SITIA,35.22,26.13,Greece
AYIOS NIKOLAOS,35.2,25.72,Greece
KALIMNOS,36.95,26.98,Greece
LAKKI,37.13,26.85,Greece
ECEABAT,40.18,26.37,Turkey
GELIBOLU,40.4,26.67,Turkey
BORUSAN FERTILIZER JETTY,40.42,29.1,Turkey
DEFTERDAR BURNU,41.05,29.03,Turkey
ISTINYE,41.12,29.05,Turkey
BASARABI,44.17,28.43,Romania
MEDGIDIA,44.25,28.27,Romania
DANUBE-BLACK SEA CANAL,44.27,28.18,Romania
CERNAVODA,44.33,28.05,Romania
SULINA,45.17,29.67,Romania
TULCEA,45.17,28.82,Romania
BRAILA,45.25,27.98,Romania
GALATI,45.42,28.08,Romania
IZMAYIL,45.33,28.85,Ukraine
BELGOROD-DNESTROVSKY,46.18,30.37,Ukraine
SKADOVS'K,46.1,32.92,Ukraine
KHORLY,46.08,33.28,Ukraine
CHORNOMORS KE,45.52,32.7,Ukraine
UST-DUNAISK,45.47,29.7,Ukraine
YEVPATORIYA,45.2,33.38,Ukraine
BALAKLAVA,44.5,33.6,Ukraine
YALTA,44.48,34.17,Ukraine
ALUSHTA,44.68,34.42,Ukraine
SUDAK,44.85,34.98,Ukraine
RENI,45.43,28.3,Ukraine
HENICHESK,46.17,34.82,Ukraine
KYRYLIVKA,46.35,35.37,Ukraine
ROSTOV-NA-DONU,47.17,39.72,Russia
AZOV,47.1,39.43,Russia
ANAPA,44.88,37.32,Russia
GELENDZHIK,44.55,38.07,Russia
ADLER,43.43,39.93,Russia
SOKHUMI,42.98,40.98,Georgia
RIZE,41.07,40.52,Turkey
GIRESUN,40.93,38.4,Turkey
ORDU,41.0,37.88,Turkey
SINOP,42.05,35.17,Turkey
INEBOLU,41.98,33.77,Turkey
ZONGULDAK,41.47,31.82,Turkey
MUDANYA,40.38,28.88,Turkey
KARABIGA,40.4,27.32,Turkey
AYVALIK,39.32,26.7,Turkey
DIKILI,39.02,26.82,Turkey
GULLUK,37.25,27.62,Turkey
KUSADASI,37.87,27.25,Turkey
BODRUM,37.03,27.43,Turkey
MARMARIS,36.85,28.28,Turkey
AKSAZ LIMANI,36.83,28.38,Turkey
ANTALYA OFFSHORE TERMINAL,36.82,30.6,Turkey
FETHIYE,36.63,29.1,Turkey
ALANYA,36.53,32.0,Turkey
TASUCU,36.32,33.88,Turkey
KYRENIA,35.35,33.33,Cyprus
HADERA,32.47,34.9,Israel
EL MAADIYA,31.27,30.15,Egypt
MERSA MATRUH,31.35,27.23,Egypt
DARNAH,32.77,22.65,Libya
MARSA SABRATAH,32.82,12.5,Libya
ABU KHAMMASH,33.07,11.82,Libya
HOUMT SOUK,33.88,10.85,Tunisia
MAHDIA,35.5,11.07,Tunisia
TAZERKA OIL TERMINAL,36.6,11.68,Tunisia
TABARKA,36.97,8.77,Tunisia
COLLO,37.0,6.58,Algeria
DJEN-DJEN,36.82,5.88,Algeria
JIJEL,36.83,5.78,Algeria
DELLYS,36.92,3.92,Algeria
TENES,36.53,1.32,Algeria
BENI SAF,35.3,-1.38,Algeria
PORT D AL HOCEIMA,35.25,-3.92,Morocco
KENITRA,34.3,-6.6,Morocco
EL JADIDA,33.25,-8.5,Morocco
ESSAOUIRA,31.5,-9.78,Morocco
AD DAKHLA,23.7,-15.92,Western Sahara
ST LOUIS,16.02,-16.52,Senegal
M BAO OIL TERMINAL,14.72,-17.4,Senegal
RUFISQUE,14.7,-17.28,Senegal
KARABANE,12.57,-16.67,Senegal
LYNDIANE,14.17,-16.17,Senegal
RIO CACHEU,12.28,-16.23,Guinea-Bissau
BISSAU,11.87,-15.63,Guinea-Bissau
VICTORIA,10.82,-14.57,Guinea
BENTI,9.17,-13.2,Guinea
BONTHE,7.53,-12.5,Sierra Leone
PORTO DA PRAIA,14.92,-23.52,Cabo Verde
GREENVILLE,4.98,-9.05,Liberia
ESPOIR MARINE TERMINAL,5.05,-4.45,Côte d'Ivoire
SEKONDI,4.95,-1.7,Ghana
SALTPOND,5.2,-1.05,Ghana
KPEME,6.2,1.52,Togo
TIN CAN ISLAND,6.35,3.35,Nigeria
FORCADOS OIL TERMINAL,5.17,5.18,Nigeria
BURUTU,5.35,5.5,Nigeria
YOHO TERMINAL,4.02,7.47,Nigeria
BONNY OFFSHORE TERMINAL,4.18,7.23,Nigeria
OKRIKA,4.72,7.08,Nigeria
EGINA OIL TERMINAL,3.07,6.7,Nigeria
COGO,1.08,9.7,Equatorial Guinea
SANTO ANTONIO,1.65,7.45,São Tomé and Príncipe
SAO TOME,0.35,6.73,São Tomé and Príncipe
CAP LOPEZ,-0.63,8.72,Gabon
M'BYA OIL TERMINAL,-3.88,10.93,Gabon
DUSSAFU TERMINAL,-4.25,10.82,Republic of the Congo
TAKULA TERMINAL,-5.22,11.78,Angola
MALONGO OIL TERMINAL,-5.43,12.08,Angola
FUTILA TERMINAL,-5.45,12.18,Angola
PSVM TERMINAL,0.0,0.0,Democratic Republic of the Congo
PORTO DO AMBRIZ,-7.83,13.1,Angola
ESTRELA OIL FIELD,-6.45,12.4,Angola
PORTO AMBOIM,-10.73,13.75,Angola
SUMBE,-11.2,13.83,Angola
LUDERITZ BAY,-26.65,15.15,Namibia
JAMESTOWN,-15.92,-5.72,Saint Helena
EDINBURGH OF THE SEVEN SEAS,-37.05,-12.3,Saint Helena
INHAMBANE,-23.92,35.4,Mozambique
CHINDE,-18.57,36.5,Mozambique
QUELIMANE,-17.88,36.88,Mozambique
PORTO BELO,-17.7,37.18,Mozambique
PEBANE,-17.27,38.15,Mozambique
PEMBA,-12.97,40.5,Mozambique
IBO,-12.33,40.62,Mozambique
MIKINDANI,-10.27,40.13,Tanzania
KILWA KIVINJE,-8.73,39.42,Tanzania
CHAKE CHAKE,-5.25,39.77,Tanzania
TANGA,-5.08,39.12,Tanzania
KILIFI,-3.63,39.87,Kenya
MALINDI,-3.22,40.13,Kenya
LAMU,-2.27,40.9,Kenya
KISMAAYO,-0.37,42.55,Somalia
BARAAWE,1.1,44.05,Somalia
MARKA,1.72,44.78,Somalia
MORONI,-11.7,43.25,Comoros
FOMBONI,-12.27,43.75,Comoros
MOUTSAMOUDU,-12.15,44.4,Comoros
MAINTIRANO,-18.07,44.02,Madagascar
MORONDAVA,-20.28,44.3,Madagascar
MANAKARA,-22.12,48.05,Madagascar
MANANJARY,-21.25,48.33,Madagascar
MAROANTSETRA,-15.45,49.82,Madagascar
IHARANA,-13.35,50.0,Madagascar
ANTSOHIM BONDRONA,-13.08,48.83,Madagascar
SAINT-DENIS,-20.87,55.45,Réunion
SAINT-PIERRE,-21.35,55.47,Réunion
PORT MATHURIN,-19.68,63.42,Mauritius
BOOSAASO,11.28,49.18,Somalia
AL KHAIR OIL TERMINAL,19.58,37.25,Sudan
NUWEIBA EL MUZEIMA,28.97,34.65,Egypt
AL QUSAYR,26.1,34.28,Egypt
HAMRAWEIN,26.25,34.2,Egypt
EL TUR HARBOR,28.23,33.62,Egypt
SHARM EL SHEIKH,27.85,34.28,Egypt
EL GHARDAQA,27.22,33.85,Egypt
SOKHNA PORT GAS TANKER TERMINAL,29.68,32.37,Egypt
EL ISMAILIYA,30.58,32.28,Egypt
RAS SUDR,29.58,32.7,Egypt
RAS ABU ZANIMAH,29.03,33.12,Egypt
SHARMAH,27.93,35.25,Saudi Arabia
DUBA BULK PLANT TANKER TERMINAL,27.32,35.9,Saudi Arabia
KING FAHD PORT,23.95,38.22,Saudi Arabia
SALIF,15.3,42.67,Yemen
NISHTUN,15.82,52.2,Yemen
KHAWR KHASAB,26.22,56.23,Oman
FATEH OIL TERMINAL,25.58,54.42,United Arab Emirates
ZIRKUH OIL FIELD,24.87,53.05,United Arab Emirates
AL JAZEERA PORT,25.72,55.78,United Arab Emirates
UMM AL QAYWAYN,25.58,55.58,United Arab Emirates
RAS AL GHAR,26.9,49.87,Saudi Arabia
RAS AL MISHAB,28.12,48.63,Saudi Arabia
DOHA HARBOR,29.38,47.8,Kuwait
AL BASRAH,30.52,47.83,Iraq
KHAWR AL ZUBAIR LNG TERMINAL,30.13,47.92,Iraq
KHOSROWABAD,30.17,48.42,Iran
BANDAR-E SHAHID REAJIE,27.1,56.07,Iran
JAZIREH-YE HORMOZ,27.1,56.45,Iran
JASK,25.63,57.77,Iran
CHAH BAHAR,25.27,60.62,Iran
GWADAR,25.13,62.3,Pakistan
MANDVI,22.83,69.35,India
BEDI,22.52,70.03,India
MAGDALLA,21.15,72.75,India
RATNAGIRI,16.98,73.28,India
PANAJI,15.5,73.82,India
BELEKERI,14.7,74.27,India
AZHIKAL (AZHIKKAL),11.92,75.3,India
CALICUT (KOZHIKODE),11.25,75.77,India
BEYPORE,11.17,75.8,India
QUILON (KOLLAM),8.88,76.58,India
TRIVANDRUM,8.48,76.95,India
KOLACHEL,8.17,77.25,India
KANKESANTURAI,9.82,80.05,Sri Lanka
PONDICHERRY,11.93,79.83,India
MACHILIPATNAM,16.15,81.17,India
GOPALPUR,19.25,84.92,India
MONGLA,22.47,89.6,Bangladesh
SITTWE,20.13,92.9,Myanmar
BASSEIN,16.78,94.73,Myanmar
MERGUI,12.43,98.6,Myanmar
KRABI,8.07,98.92,Thailand
KANTANG HARBOR,7.4,99.52,Thailand
BANG SAPHAN,11.18,99.6,Thailand
KHANOM,9.2,99.9,Thailand
PORT LANGKAWI,6.43,99.77,Malaysia
PELABUHAN BASS,6.32,99.83,Malaysia
TELUK ANSON,4.02,101.02,Malaysia
MUAR,2.05,102.57,Malaysia
TANJUNGPINANG,0.92,104.45,Indonesia
DABO,-0.5,104.57,Indonesia
TOBOALI,-3.02,106.45,Indonesia
MUNTOK,-2.07,105.17,Indonesia
BLINYU,-1.63,105.78,Indonesia
PANGKALPINANG,-2.12,106.13,Indonesia
RAMBA,-2.62,104.13,Indonesia
TANJUNGPANDAN,-2.75,107.63,Indonesia
BENGKULU,-3.78,102.25,Indonesia
PULAU BAAI,-3.92,102.28,Indonesia
SIBOLGA,1.73,98.77,Indonesia
TANJUNG BALAI KARIMUN,0.98,103.43,Indonesia
ULEELHEUE,5.57,95.28,Indonesia
PANGKALANSUSU,4.12,98.22,Indonesia
KUALA KAPUS,3.0,114.37,Indonesia
BENGKALIS,1.47,102.1,Indonesia
POLENG OIL FIELD,-6.65,112.92,Indonesia
CIREBON,-6.72,108.57,Indonesia
TEGAL,-6.85,109.13,Indonesia
PEKALONGAN,-6.85,109.7,Indonesia
REMBANG,-6.7,111.35,Indonesia
CELUKAN BAWANG,-8.18,114.83,Indonesia
TANJUNG BENETE,-8.9,116.75,Indonesia
AMPENAN,-8.57,116.07,Indonesia
LABUHANHAJI,-8.7,116.57,Indonesia
MAUMERE,-8.62,122.22,Indonesia
LARANTUKA,-8.35,122.98,Indonesia
ENDE,-8.83,121.65,Indonesia
WAINGAPU,-9.63,120.22,Indonesia
BELIDA MARINE TERMINAL,4.13,105.13,Indonesia
TAREMPAH,3.22,106.22,Indonesia
BINTANGOR,2.17,111.63,Malaysia
SIBU,2.28,111.82,Malaysia
SARIKEI,2.13,111.53,Malaysia
BANDAR SERI BEGAWAN,4.88,114.88,Brunei
SERIA OIL LOADING TERMINAL,4.62,114.32,Brunei
SAPANGAR BAY,6.08,116.12,Malaysia
KUDAT,6.88,116.85,Malaysia
BAKAPIT,4.95,118.58,Malaysia
MOSTYN,4.68,118.25,Malaysia
TANJUNGREDEB,2.15,117.48,Indonesia
TANJUNG SANGATA,0.37,117.57,Indonesia
BENOA,0.98,117.97,Indonesia
SENIPAH OIL TERMINAL,-0.95,117.17,Indonesia
GUNUNG BATU BESAR,-2.62,116.3,Indonesia
TANAH MERAH,-1.82,116.17,Indonesia
SAMPIT,-2.52,113.0,Indonesia
KUMAI,-2.75,111.72,Indonesia
PONTIANAK,-0.02,109.33,Indonesia
MANADO,1.5,124.83,Indonesia
GORONTALO,0.5,123.05,Indonesia
POSO,-1.37,120.75,Indonesia
KOLONODALE,-1.98,121.33,Indonesia
KENDARI,-3.97,122.58,Indonesia
BAUBAU,-5.47,122.62,Indonesia
RAHA ROADSTEAD,-4.85,122.73,Indonesia
POMALAA,-4.17,121.6,Indonesia
PAREPARE,-4.0,119.62,Indonesia
DONGGALA,-0.65,119.73,Indonesia
TAHUNA,3.62,125.48,Indonesia
TELUK BEO,4.23,126.78,Indonesia
TERNATE,0.78,127.38,Indonesia
LABUHA,-0.63,127.47,Indonesia
PATANI,0.37,128.75,Indonesia
WAHAI,-2.78,129.5,Indonesia
NAMLEA,-3.28,127.08,Indonesia
SAUMLAKI,-7.98,131.3,Indonesia
SERUI,-1.9,136.25,Indonesia
MIEI,-2.73,134.5,Indonesia
MANOKWARI ROAD,-0.87,134.08,Indonesia
SAILOLOF,-1.25,130.75,Indonesia
FAKFAK,-2.93,132.28,Indonesia
MERAUKE,-8.48,140.38,Indonesia
JAYAPURA,-2.53,140.72,Indonesia
DARU,-9.07,143.2,Papua New Guinea
ALOTOA,-10.32,150.45,Papua New Guinea
SAMARAI,-10.62,150.67,Papua New Guinea
SULOGA HARBOR,-9.22,152.77,Papua New Guinea
DISCOVERY BAY,-10.42,150.42,Papua New Guinea
ORO BAY,-8.88,148.48,Papua New Guinea
VANIMO,-2.68,141.13,Papua New Guinea
CAPE FLATTERY HARBOR,-14.95,145.35,Australia
BALLINA,-28.87,153.57,Australia
JERVIS BAY,-35.12,150.8,Australia
BATEMANS BAY,-35.7,150.17,Australia
WELSHPOOL,-38.7,146.47,Australia
WARRNAMBOOL,-38.4,142.48,Australia
KINGSCOTE,-35.63,137.63,Australia
KLEIN POINT,-34.97,137.77,Australia
USELESS LOOP,-26.08,113.4,Australia
CAPE CUVIER,-24.22,113.38,Australia
PORT HUON,-43.17,146.98,Australia
DOVER,-43.32,147.03,Australia
STANLEY,-40.77,145.28,Australia
BEAUTY POINT,-41.15,146.82,Australia
LAUNCESTON,-41.45,147.12,Australia
WHANGAROA,-35.05,173.77,New Zealand
OPUA,-35.32,174.12,New Zealand
WANGANUI,-39.95,175.03,New Zealand
MANUKAU HARBOR,-36.93,174.78,New Zealand
COLLINGWOOD,-40.68,172.67,New Zealand
TARAKOHE,-40.85,172.9,New Zealand
PICTON,-41.28,174.02,New Zealand
AKAROA,-43.8,172.97,New Zealand
OTAGO HARBOR,-45.82,170.63,New Zealand
GREYMOUTH,-42.43,171.22,New Zealand
WESTPORT,-41.75,171.6,New Zealand
KINGSTON,-29.07,167.95,Norfolk Island
MALAI,-16.35,179.37,Fiji
SAVUSAVU BAY,-16.77,179.33,Fiji
PANGAI,-19.8,-174.35,Tonga
NEIAFU,-18.65,-173.98,Tonga
FUNAFUTI ATOLL,-8.52,179.13,Tuvalu
MATA-UTU,-13.28,-176.13,Wallis and Futuna
ALOFI,-19.03,-169.93,Niue
VAITAPE,-16.5,-151.75,French Polynesia
UTUROA,-16.73,-151.45,French Polynesia
PORT RIKITEA,-23.12,-134.97,French Polynesia
ATUONA,-9.82,-139.03,French Polynesia
BAIE TAIOHAE,-8.93,-140.08,French Polynesia
CANTON ISLAND,-2.83,-171.72,Kiribati
ENGLISH HARBOR,3.85,-159.37,Kiribati
HONOKAA,20.1,-155.47,United States
HONUAPO,19.08,-155.55,United States
MILOLII,19.18,-155.9,United States
KAUHAKO BAY,19.38,-155.9,United States
NAPOOPOO,19.48,-155.93,United States
KAILUA,19.63,-156.0,United States
KIHOLO,19.87,-155.95,United States
KAWAIHAE,20.03,-155.83,United States
MAHUKONA,20.18,-155.9,United States
HANA,20.75,-155.98,United States
LAHAINA,20.87,-156.67,United States
KAUMALAPAU HARBOR,20.78,-157.0,United States
PUKOO,21.07,-156.8,United States
KAMALO,21.05,-156.88,United States
KAUNAKAKAI,21.08,-157.03,United States
BARBER'S POINT,21.32,-158.12,United States
PORT ALLEN,21.9,-159.58,United States
NAWILIWILI BAY,21.95,-159.35,United States
AHUKINI LANDING,22.0,-159.33,United States
NONOPAPA,21.87,-160.23,United States
TERN ISLAND,23.87,-166.28,United States
ENITWETAK ISLAND,11.33,162.33,Marshall Islands
TARAWA ATOLL,1.33,172.93,Kiribati
TINIAN,14.97,145.62,Northern Mariana Islands
ROTA,14.13,145.15,Northern Mariana Islands
LELE HARBOR,5.33,163.03,Micronesia
POHNPEI HARBOR,6.98,158.2,Micronesia
MOEN,7.43,151.83,Micronesia
COLONIA,9.52,138.13,Micronesia
MALAKAL HARBOR,7.33,134.45,Palau
LONGAN ISLAND,-1.22,144.3,Papua New Guinea
WEWAK HARBOR,-3.57,143.63,Papua New Guinea
HAMBURG HARBOR,-1.63,149.97,Papua New Guinea
KAVIENG HARBOR,-2.58,150.8,Papua New Guinea
KOKOPO,-4.33,152.27,Papua New Guinea
KIMBE,-5.13,150.53,Papua New Guinea
BIALLA,-5.3,150.98,Papua New Guinea
QUEEN CAROLA HARBOR,-5.17,154.55,Papua New Guinea
GIZO HARBOR,-8.1,156.85,Solomon Islands
RINGGI COVE,-8.12,157.1,Solomon Islands
YANDINA,-9.08,159.22,Solomon Islands
TULAGHI,-9.1,160.15,Solomon Islands
FORARI BAY,-17.68,168.55,Vanuatu
BAIE DE KOUAOUA,-21.38,165.82,New Caledonia
BAIE UGUE,-21.15,165.55,New Caledonia
KUALA TRENGGANU,5.35,103.13,Malaysia
TAPIS MARINE TERMINAL A,5.52,105.02,Malaysia
BONGKOT TERMINAL,8.05,102.33,Thailand
PETCHBURI TERMINAL,13.17,100.15,Thailand
PHSAR REAM,10.5,103.6,Cambodia
DUONG DONG,10.22,103.97,Vietnam
VINH CAM RANH,11.88,109.17,Vietnam
NHA TRANG,12.25,109.23,Vietnam
NGHE TINH,18.77,105.77,Vietnam
SANYA,18.32,109.45,China
CHIWAN,19.97,110.03,China
PENG-HU KANG,23.58,119.53,Taiwan
BASCO,20.45,121.97,Philippines
CLAVERIA,18.62,121.08,Philippines
PORT SAN VICENTE,18.52,122.13,Philippines
APARRI,18.37,121.63,Philippines
HONDAGUA,13.95,122.23,Philippines
JOSE PANGANIBAN,14.28,122.68,Philippines
VIRAC,13.58,124.25,Philippines
TABACO,13.37,123.73,Philippines
LEGAZPI PORT,13.15,123.75,Philippines
SORSOGON,12.97,124.0,Philippines
SANTA CRUZ (MARINDUQUE ISL),13.5,122.07,Philippines
NASUGBU,14.08,120.62,Philippines
MASINLOC,15.55,119.95,Philippines
CALAPAN,13.42,121.18,Philippines
PORT ROMBLON,12.58,122.27,Philippines
MASBATE,12.37,123.62,Philippines
LAOANG,12.57,125.02,Philippines
PORT BORONGAN,11.6,125.43,Philippines
GUIUAN,11.03,125.72,Philippines
CATBALOGAN,11.77,124.88,Philippines
TANAUAN,11.1,125.02,Philippines
MAASIN,10.13,124.83,Philippines
BAYBAY,10.68,124.8,Philippines
ORMOC,11.0,124.6,Philippines
ISABEL,10.92,124.43,Philippines
PALOMPON,11.05,124.38,Philippines
TAGBILARAN,9.65,123.85,Philippines
TUBIGAN,9.95,123.97,Philippines
TOLEDO,10.37,123.63,Philippines
SAN CARLOS,10.48,123.42,Philippines
BAIS,9.6,123.12,Philippines
LAZI,9.13,123.63,Philippines
PULUPANDAN,10.52,122.8,Philippines
PORT CAPIZ,11.6,122.72,Philippines
PUERTO PRINCESA,9.73,118.73,Philippines
SURIGAO CITY,9.78,125.5,Philippines
HINATUAN,8.37,126.33,Philippines
MANGAGOY,8.23,126.32,Philippines
MATI,6.95,126.22,Philippines
GINGOOG,8.83,125.1,Philippines
GENERAL SANTOS,6.12,125.18,Philippines
POLLOC (COTABATO),7.35,124.22,Philippines
PAGADIAN,7.83,123.43,Philippines
MARGOSATUBIG,7.58,123.17,Philippines
SANTA CLARA,7.78,122.68,Philippines
ZAMBOANGA,6.9,122.07,Philippines
JIMENEZ,8.33,123.87,Philippines
PORT OZAMIS,8.13,123.85,Philippines
BUGO,8.52,124.75,Philippines
BUTUAN CITY,8.95,125.53,Philippines
BASILIAN CITY (ISABELA),6.72,121.97,Philippines
PORT HOLLAND,6.55,121.87,Philippines
JOLO,6.05,121.0,Philippines
SIASI,5.55,120.82,Philippines
HAIMEN,28.68,121.45,China
ZHEN HAI,29.95,121.7,China
CHANGZHOU,31.97,119.98,China
GAOGANG,32.28,119.85,China
YANGZHOU,32.27,119.43,China
WU HU,31.33,118.37,China
ANKINGCHENG,30.52,117.03,China
WANXIAN,30.82,108.43,China
CHUNG CHING,29.57,106.63,China
LANSHAN,30.1,119.37,China
SUIZHANG GANG,40.07,121.05,China
LUSHUN,38.78,121.25,China
KYOMIP'O,38.73,125.62,North Korea
CHEJU HANG,33.52,126.53,South Korea
CHINAE,35.13,128.65,South Korea
SOKCH'O HANG,38.2,128.6,South Korea
WONSAN,39.17,127.45,North Korea
HUNGNAM,39.83,127.62,North Korea
CH'AHO,40.2,128.65,North Korea
KIMCH'AEK,40.67,129.2,North Korea
CH'ONGJIN,41.77,129.82,North Korea
NAJIN,42.23,130.3,North Korea
POS'YET,42.65,130.8,Russia
ZARUBINO,42.63,131.08,Russia
BUKHTA GAYDAMAK,42.87,132.68,Russia
SOVETSKAYA GAVAN,48.97,140.28,Russia
NIKOLAYEVSK NA AMUR,53.13,140.73,Russia
PORONAYSK,49.22,143.13,Russia
NEVELSK,46.67,141.87,Russia
UGLEGORSK,49.08,142.03,Russia
SHAKHTERSK,49.17,142.07,Russia
LESOGORSK,49.45,142.13,Russia
MYS ROGATYY OKTYABRSKIY,50.73,142.1,Russia
ALEKSANDROVSK -SAKHALINSKIY,50.9,142.13,Russia
LAZAREV,52.22,141.52,Russia
MOSKAL VO,53.58,142.5,Russia
SHAKOTAN,43.87,146.83,Russia
MOMBETSU KO,44.35,143.35,Japan
ABASHIRI KO,44.02,144.28,Japan
NEMURO KO,43.33,145.58,Japan
HANASAKI KO,43.28,145.58,Japan
TOKACHI,42.25,143.3,Japan
MORI,42.12,140.58,Japan
ESASI KO,41.87,140.12,Japan
ISIKARI WAN,43.23,141.37,Japan
WAKKANAI,43.42,141.68,Japan
MIYAKO,39.63,141.98,Japan
KESENNUMA KO,38.87,141.6,Japan
ONAGAWA,38.45,141.45,Japan
CHOSHI,35.73,140.85,Japan
TATEYAMA KO,35.0,139.8,Japan
URAGA KO,35.23,139.72,Japan
TAGONOURA KO,35.13,138.7,Japan
SHIMODA KO,34.67,138.95,Japan
OMAEZAKI KO,34.6,138.23,Japan
MATSUSAKA,34.6,136.57,Japan
TOBA,34.48,136.85,Japan
TANABE KO,33.72,135.37,Japan
AIOI,34.78,134.47,Japan
O0KIHAMA,34.75,134.57,Japan
HABU KO,34.28,133.18,Japan
ONOMICHI-ITOZAKI,34.38,133.17,Japan
HIKARI,33.95,131.93,Japan
HAGI KO,34.42,131.4,Japan
HAMADA KO,34.9,132.08,Japan
SAKAI KO,35.55,133.25,Japan
MIYAZU,35.53,135.2,Japan
UCHIURA,35.52,135.5,Japan
FUKUI,36.07,136.2,Japan
FUKUI KO,36.18,136.1,Japan
KANAZAWA,36.62,136.6,Japan
HIMEKAWA,37.03,137.85,Japan
KASHIWAZAKI,37.37,138.55,Japan
RYOTU KO,38.08,138.57,Japan
AKITA-FUNAKAWA KO,39.83,140.0,Japan
HANNAN KO,34.47,135.35,Japan
SHINGU,33.67,135.98,Japan
KOCHI KO,33.5,133.57,Japan
UWAJIMA KO,33.22,132.57,Japan
YAWATAHAMA,33.45,132.42,Japan
IMABARI KO,34.07,133.02,Japan
TAKUMA,34.22,133.68,Japan
MISHIMA-KAWANOE KO,34.0,133.55,Japan
MARUGAME KO,34.3,133.78,Japan
BEPPU,33.32,131.52,Japan
SAGANOSEKI KO,33.25,131.87,Japan
SAIKI KO,32.97,131.93,Japan
MINAMATA KO,32.2,130.38,Japan
IZUHARA,34.2,129.3,Japan
HIRARA KO,24.8,125.28,Japan
BUKHTA NAGAYEVA (MAGADAN),59.57,150.72,Russia
PETROPAVLOVSK,53.05,158.65,Russia
NIKOL SKOYE,55.2,165.98,Russia
PORT BERINGOVSKY,63.07,179.37,Russia
PROVIDENIYA,64.42,-173.23,Russia
PEVEK,69.72,170.3,Russia
PORT DIKSON,73.5,80.52,Russia
DUDINKA,69.4,86.17,Russia
IGARKA,67.48,86.6,Russia
MEZEN,65.83,44.18,Russia
SEVERODVINSK,64.57,39.78,Russia
RABOCHEOSTROVSK,64.98,34.78,Russia
BOLSHAYA PIRYU GUBA,66.67,34.37,Russia
OSTROVNOY GREMIKHA,68.05,39.52,Russia
MYS ABRAM,68.98,33.03,Russia
ELLEFSEN HARBOR,-60.73,-45.03,Antarctica
SCOTIA BAY,-60.75,-44.72,Antarctica
ADMIRALTY BAY,-62.08,-58.42,Antarctica
PORT FOSTER,-62.95,-60.63,Antarctica
PORT LOCKROY,-64.82,-63.5,Antarctica
MELCHIOR HARBOR,-64.32,-63.0,Antarctica
ANDERSEN HARBOR,-64.32,-62.93,Antarctica
MCMURDO STATION,-77.85,166.65,Antarctica
DAVISVILLE DEPOT,41.62,-71.4,United States
MONTAUK HARBOR,41.07,-71.93,United States
GREENPORT,41.1,-72.37,United States
STONINGTON,41.33,-71.9,United States
MYSTIC,41.35,-71.97,United States
NORWICH,41.52,-72.08,United States
ESSEX,41.35,-72.38,United States
PORT JEFFERSON,40.95,-73.08,United States
SOUTHPORT,41.13,-73.28,United States
NORWALK,41.1,-73.42,United States
STAMFORD,41.03,-73.55,United States
GREENWICH,41.02,-73.62,United States
PORT CHESTER,41.0,-73.67,United States
CITY ISLAND,40.85,-73.78,United States
PATCHOGUE,40.75,-73.02,United States
YONKERS,40.93,-73.9,United States
POUGHKEEPSIE,41.7,-73.95,United States
CATSKILL,42.22,-73.85,United States
RENSSELAER,42.65,-73.75,United States
TROY,42.73,-73.7,United States
TOMPKINSVILLE SI,40.63,-74.07,United States
MARINERS HARBOR SI,40.63,-74.17,United States
CHROME,40.57,-74.22,United States
SAYREVILLE,40.47,-74.37,United States
SOUTH AMBOY,40.48,-74.27,United States
LEONARDO,40.43,-74.07,United States
BARNEGAT,39.77,-74.1,United States
ATLANTIC CITY,39.37,-74.42,United States
SALEM NJ,39.67,-75.48,United States
DEEPWATER POINT,39.7,-75.52,United States
CHESTER,39.85,-75.35,United States
OCEAN CITY,38.33,-75.08,United States
CAPE CHARLES,37.27,-76.02,United States
SALISBURY,38.37,-75.6,United States
HAVRE DE GRACE,39.53,-76.08,United States
ANNAPOLIS,38.98,-76.48,United States
SOLOMONS ISLAND,38.32,-76.45,United States
WASHINGTON D.C.,38.87,-77.03,United States
ALEXANDRIA,38.8,-77.03,United States
WEST POINT,37.53,-76.8,United States
FREDERICKSBURG,38.3,-77.45,United States
WARWICK,37.45,-77.42,United States
